ISSN	Titulo	Estrato	Classificação
1076-6332	Academic Radiology	B2	Atualizada em 2012
1519-7859	Ação Ergonômica	C	Atualizada em 2012
0360-0300	ACM Computing Surveys	A1	Atualizada em 2012
2153-2184	ACM Inroads	B4	Atualizada em 2012
1084-6654	ACM Journal of Experimental Algorithmics	B3	Atualizada em 2012
1523-2867	ACM SIGPLAN Notices	B1	Atualizada em 2012
1549-6325	ACM Transactions on Algorithms	B1	Atualizada em 2012
1544-3558	ACM Transactions on Applied Perception (Print)	B2	Atualizada em 2012
1556-4665	ACM Transactions on Autonomous and Adaptive Systems	B1	Atualizada em 2012
0734-2071	ACM Transactions on Computer Systems	A2	Atualizada em 2012
0362-5915	ACM Transactions on Database Systems	A2	Atualizada em 2012
1084-4309	ACM Transactions on Design Automation of Electronic Systems	B2	Atualizada em 2012
1539-9087	ACM Transactions on Embedded Computing Systems	B1	Atualizada em 2012
0730-0301	ACM Transactions on Graphics	A1	Atualizada em 2012
1046-8188	ACM Transactions on Information Systems	A2	Atualizada em 2012
0098-3500	ACM Transactions on Mathematical Software	A2	Atualizada em 2012
1551-6857	ACM Transactions on Multimedia Computing Communications and Applications	A2	Atualizada em 2012
0164-0925	ACM Transactions on Programming Languages and Systems	A2	Atualizada em 2012
1049-331X	ACM Transactions on Software Engineering and Methodology	A2	Atualizada em 2012
1550-4883	ACM Transactions on Speech and Language Processing (Online)	B5	Atualizada em 2012
1559-1131	ACM Transactions on the Web	A2	Atualizada em 2012
0097-8930	ACMSIGGRAPH Proceedings	C	Atualizada em 2012
0094-5765	Acta Astronautica	B2	Atualizada em 2012
1432-0525	Acta Informatica (Internet)	B1	Atualizada em 2012
0251-4184	Acta Mathematica Vietnamica	C	Atualizada em 2012
1807-8656	Acta Scientiarum. Human and Social Sciences	C	Atualizada em 2012
1807-8664	Acta Scientiarum. Technology (Online)	B5	Atualizada em 2012
0325-7533	Actas de la Academia Nacional de Ciencias de la República Argentina	C	Atualizada em 2012
1570-8705	Ad Hoc Networks	B1	Atualizada em 2012
1059-7123	Adaptive Behavior	B1	Atualizada em 2012
1474-0346	Advanced Engineering Informatics	B1	Atualizada em 2012
2070-0733	Advances in Applied Mathematics and Mechanics	B4	Atualizada em 2012
0219-5259	Advances in Complex Systems	B2	Atualizada em 2012
0065-2458	Advances in Computers	B3	Atualizada em 2012
0965-9978	Advances in Engineering Software (1992)	B1	Atualizada em 2012
1930-5346	Advances in Mathematics of Communications	B4	Atualizada em 2012
1615-3871	Advances in Soft Computing	B4	Atualizada em 2012
1687-8655	Advances in Software Engineering (Print)	B4	Atualizada em 2012
1434-8411	AEU. International Journal of Electronics and Communications (Print)	B3	Atualizada em 2012
0104-7507	Agora (UNC)	C	Atualizada em 2012
0921-7126	AI Communications	B2	Atualizada em 2012
0001-1452	AIAA Journal (Print)	B2	Atualizada em 2012
0094-243X	AIP Conference Proceedings	C	Atualizada em 2012
0178-4617	Algorithmica	A2	Atualizada em 2012
1432-0541	Algorithmica (New York. Internet)	A2	Atualizada em 2012
1748-7188	Algorithms for Molecular Biology	A1	Atualizada em 2012
1518-0360	Âmbito Jurídico	C	Atualizada em 2012
0889-5406	American Journal of Orthodontics and Dentofacial Orthopedics	C	Atualizada em 2012
0002-9483	American Journal of Physical Anthropology	C	Atualizada em 2012
1088-6826	American Mathematical Society. Proceedings	B2	Atualizada em 2012
0001-3765	Anais da Academia Brasileira de Ciências (Impresso)	B2	Atualizada em 2012
1981-8238	Anais do ... Seminfo	C	Atualizada em 2012
0925-1030	Analog Integrated Circuits and Signal Processing	B1	Atualizada em 2012
1573-1979	Analog Integrated Circuits and Signal Processing (Dordrecht. Online)	B1	Atualizada em 2012
0884-6812	Analytical and Quantitative Cytology and Histology	B2	Atualizada em 2012
0003-2700	Analytical Chemistry (Washington)	B1	Atualizada em 2012
0003-4347	Annales des Telecommunications	B3	Atualizada em 2012
0218-0006	Annals of Combinatorics (Print)	B3	Atualizada em 2012
1012-2443	Annals of Mathematics and Artificial Intelligence	B1	Atualizada em 2012
1573-7470	Annals of Mathematics and Artificial Intelligence (Dordrecht. Online)	B1	Atualizada em 2012
0254-5330	Annals of Operation Research	A2	Atualizada em 2012
1572-9338	Annals of Operations Research (Dordrecht. Online)	A2	Atualizada em 2012
0168-0072	Annals of Pure and Applied Logic (Print)	B1	Atualizada em 2012
1022-7091	Annals of Software Engineering	A2	Atualizada em 2012
1573-7489	Annals of Software Engineering (Dordrecht. Online)	A2	Atualizada em 2012
0090-5364	Annals of Statistics	B2	Atualizada em 2012
1550-8382	Annual Review of Information Science and Technology (Online)	B1	Atualizada em 2012
0066-4286	Annual Review of Phytopathology (Print)	B1	Atualizada em 2012
1367-5788	Annual Reviews in Control	B2	Atualizada em 2012
0918-7960	Anthropological Science	B3	Atualizada em 2012
0195-6663	Appetite (London. Print)	B2	Atualizada em 2012
1432-0622	Applicable algebra in engineering, communication and computing (Internet)	B2	Atualizada em 2012
1452-8630	Applicable Analysis and Discrete Mathematics	B2	Atualizada em 2012
0883-9514	Applied Artificial Intelligence	B1	Atualizada em 2012
0003-6870	Applied Ergonomics	B2	Atualizada em 2012
0924-669X	Applied Intelligence (Boston)	B1	Atualizada em 2012
1573-7497	Applied Intelligence (Dordrecht. Online)	B1	Atualizada em 2012
0307-904X	Applied Mathematical Modelling	A2	Atualizada em 2012
0095-4616	Applied Mathematics & Optimization	B1	Atualizada em 2012
0096-3003	Applied Mathematics and Computation	A2	Atualizada em 2012
0168-9274	Applied Numerical Mathematics	A2	Atualizada em 2012
1570-5838	Applied Ontology	B2	Atualizada em 2012
1559-128X	Applied Optics	B3	Atualizada em 2012
0003-6951	Applied Physics Letters	B1	Atualizada em 2012
1568-4946	Applied Soft Computing (Print)	A2	Atualizada em 2012
1359-4311	Applied Thermal Engineering	B2	Atualizada em 2012
1420-8938	Archiv der Mathematik (Electronic ed.)	B2	Atualizada em 2012
0003-889X	Archiv der Mathematik (Printed ed.)	B2	Atualizada em 2012
0003-9519	Archive for History of Exact Sciences (Print)	B4	Atualizada em 2012
0003-9861	Archives of Biochemistry and Biophysics (Print)	B2	Atualizada em 2012
1134-3060	Archives of Computational Methods in Engineering	A1	Atualizada em 2012
0253-6269	Archives of Pharmacal Research (Seoul. Print)	C	Atualizada em 2012
0004-0622	Archivos Latinoamericanos de Nutrición	C	Atualizada em 2012
0102-0935	Arquivo Brasileiro de Medicina Veterinária e Zootecnia	C	Atualizada em 2012
0066-782X	Arquivos Brasileiros de Cardiologia (Impresso)	C	Atualizada em 2012
0004-282X	Arquivos de Neuro-Psiquiatria (Impresso)	C	Atualizada em 2012
0381-7032	Ars Combinatoria	B2	Atualizada em 2012
0004-3702	Artificial Intelligence (General Ed.)	A1	Atualizada em 2012
0890-0604	Artificial Intelligence for Engineering Design, Analysis and Manufacturing	B1	Atualizada em 2012
1469-1760	Artificial Intelligence for Engineering Design, Analysis and Manufacturing (Online)	B1	Atualizada em 2012
0933-3657	Artificial Intelligence in Medicine (Print)	A2	Atualizada em 2012
0269-2821	Artificial Intelligence Review	B1	Atualizada em 2012
1573-7462	Artificial Intelligence Review (Dordrecht. Online)	B1	Atualizada em 2012
1064-5462	Artificial Life	A2	Atualizada em 2012
1530-9185	Artificial Life (Online)	A2	Atualizada em 2012
0001-253X	ASLIB Proceedings	B3	Atualizada em 2012
0928-8910	Automated Software Engineering	B2	Atualizada em 2012
0005-1098	Automatica (Oxford)	A1	Atualizada em 2012
1387-2532	Autonomous Agents and Multi-Agent Systems	A2	Atualizada em 2012
1573-7454	Autonomous Agents and Multi-Agent Systems (Dordrecht. Online)	A2	Atualizada em 2012
0929-5593	Autonomous Robots	A1	Atualizada em 2012
1573-7527	Autonomous Robots (Dordrecht. Online)	A1	Atualizada em 2012
1909-0056	Avances en Sistemas e Informatica	C	Atualizada em 2012
1931-6690	Bayesian analysis (Online)	B2	Atualizada em 2012
0140-525X	Behavioral and Brain Sciences (Print)	A1	Atualizada em 2012
1362-3001	Behaviour & Information Technology (Online)	B1	Atualizada em 2012
1538-7305	Bell Labs Technical Journal (Online)	B1	Atualizada em 2012
1809-5577	Bio Farma	C	Atualizada em 2012
1367-4811	Bioinformatics (Oxford. Online)	A1	Atualizada em 2012
1367-4803	Bioinformatics (Oxford. Print)	A1	Atualizada em 2012
0973-2063	Bioinformation (Online) (Chennai)	C	Atualizada em 2012
0340-1200	Biological Cybernetics	A1	Atualizada em 2012
1432-0770	Biological Cybernetics (Internet)	A1	Atualizada em 2012
1475-925X	Biomedical Engineering Online (Online)	B2	Atualizada em 2012
0323-3847	Biometrical Journal (1977)	B2	Atualizada em 2012
1615-7591	Bioprocess and Biosystems Engineering (Print)	B2	Atualizada em 2012
0006-3835	BIT Numerical Mathematics	B1	Atualizada em 2012
1572-9125	BIT Numerical Mathematics (Dordrecht. Online)	B1	Atualizada em 2012
1471-2105	BMC Bioinformatics	A1	Atualizada em 2012
1471-2164	BMC Genomics	B1	Atualizada em 2012
1755-8794	BMC Medical Genomics	B1	Atualizada em 2012
1471-2180	BMC Microbiology (Online)	B2	Atualizada em 2012
1471-2229	BMC Plant Biology (Online)	B2	Atualizada em 2012
1752-0509	BMC Systems Biology	B2	Atualizada em 2012
1518-160X	Boletim da SOBRAPO	B5	Atualizada em 2012
1676-014X	Boletim da Sociedade Brasileira de Meteorologia	B5	Atualizada em 2012
1413-4853	Boletim de Ciências Geodésicas (Impresso)	C	Atualizada em 2012
0006-6117	Boletim Técnico da Petrobras (Impresso)	C	Atualizada em 2012
0102-549X	Boletim Técnico do SENAC	C	Atualizada em 2012
1916-2790	Botany (Ottawa. Print)	B3	Atualizada em 2012
1516-8913	Brazilian Archives of Biology and Technology (Impresso)	C	Atualizada em 2012
0100-879X	Brazilian Journal of Medical and Biological Research (Impresso)	B2	Atualizada em 2012
1517-8382	Brazilian Journal of Microbiology (Impresso)	C	Atualizada em 2012
1679-8171	Brazilian Journal of Operations and Production Management	C	Atualizada em 2012
0103-9733	Brazilian Journal of Physics (Impresso)	B2	Atualizada em 2012
0103-0752	Brazilian Journal of Probability and Statistics	B4	Atualizada em 2012
1806-8324	Brazilian Oral Research (Impresso)	C	Atualizada em 2012
0143-6244	Building Services Engineering Research & Technology	B3	Atualizada em 2012
1867-0202	Business & Information Systems Engineering	B2	Atualizada em 2012
1463-7154	Business Process Management Journal	B3	Atualizada em 2012
1809-1946	Cadernos CPQD Tecnologia	C	Atualizada em 2012
1519-132X	Cadernos de Informática (UFRGS)	C	Atualizada em 2012
0102-311X	Cadernos de Saúde Pública (ENSP. Impresso)	C	Atualizada em 2012
0840-8688	Canadian Journal of Electrical and Computer Engineering	B3	Atualizada em 2012
0008-543X	Cancer (Print)	B1	Atualizada em 2012
1940-6207	Cancer Prevention Research (Philadelphia)	B1	Atualizada em 2012
0008-6568	Caries Research	B2	Atualizada em 2012
1983-5965	Carta Fundamental	C	Atualizada em 2012
1085-9195	Cell Biochemistry and Biophysics	B1	Atualizada em 2012
2211-3428	Cellular Oncology	B2	Atualizada em 2012
1089-7682	Chaos (Woodbury, N.Y. Online)	B2	Atualizada em 2012
1054-1500	Chaos (Woodbury, N.Y.)	B2	Atualizada em 2012
0960-0779	Chaos, Solitons and Fractals	B1	Atualizada em 2012
1747-0277	Chemical Biology & Drug Design (Print)	B2	Atualizada em 2012
0169-7439	Chemometrics and Intelligent Laboratory Systems (Print)	B2	Atualizada em 2012
1809-4015	Chronos (UNIRIO)	C	Atualizada em 2012
0009-6725	Ciência e Cultura	C	Atualizada em 2012
1984-154X	Ciência em Tela	C	Atualizada em 2012
0120-1573	Ciencia Tecnologia y Desarrollo	C	Atualizada em 2012
0748-3007	Cladistics (Westport. Print)	B1	Atualizada em 2012
0717-5000	CLEI Electronic Journal	B5	Atualizada em 2012
1078-0432	Clinical Cancer Research (Print)	B1	Atualizada em 2012
1386-7857	Cluster Computing	B2	Atualizada em 2012
1092-8529	CNS Spectrums	B2	Atualizada em 2012
0378-3839	Coastal Engineering	B2	Atualizada em 2012
0926-6410	Cognitive Brain Research	A1	Atualizada em 2012
1866-9956	Cognitive Computation (Print)	B4	Atualizada em 2012
1815-2406	Communications in Computational Physics (Print)	A2	Atualizada em 2012
1865-0929	Communications in Computer and Information Science (Print)	B4	Atualizada em 2012
1069-8299	Communications in Numerical Methods in Engineering	B1	Atualizada em 2012
0361-0918	Communications in Statistics. Simulation and Computation	B4	Atualizada em 2012
1947-4822	Communications of Global Information Technology	B5	Atualizada em 2012
0001-0782	Communications of the ACM	A1	Atualizada em 2012
0332-1649	Compel (Bradford)	B3	Atualizada em 2012
1807-0302	Computational & Applied Mathematics	B4	Atualizada em 2012
1476-9271	Computational Biology and Chemistry (Print)	A2	Atualizada em 2012
1420-8954	Computational Complexity (Electronic ed.)	B2	Atualizada em 2012
0927-7099	Computational Economics	B3	Atualizada em 2012
0918-6654	Computational Fluid Dynamics Journal	B3	Atualizada em 2012
1420-0597	Computational Geosciences (Amsterdam)	B1	Atualizada em 2012
1467-8640	Computational Intelligence (Online)	B1	Atualizada em 2012
0891-2017	Computational Linguistics (Print)	A1	Atualizada em 2012
1530-9312	Computational Linguistics - Association For Computational Linguistics (Online)	A1	Atualizada em 2012
1619-697X	Computational Management Science (Print)	B2	Atualizada em 2012
0178-7675	Computational Mechanics	A2	Atualizada em 2012
1432-0924	Computational Mechanics (Berlin. Internet)	A2	Atualizada em 2012
0926-6003	Computational Optimization and Applications	A2	Atualizada em 2012
1573-2894	Computational Optimization and Applications (Dordrecht. Online)	A2	Atualizada em 2012
0167-9473	Computational Statistics & Data Analysis (Print)	A2	Atualizada em 2012
0943-4062	Computational Statistics (Zeitschrift)	B2	Atualizada em 2012
1613-9658	Computational Statistics (Zeitschrift. Internet)	B2	Atualizada em 2012
1558-0814	Computer (Long Beach, Calif. Online)	A2	Atualizada em 2012
0018-9162	Computer (Long Beach, Calif. Print)	A2	Atualizada em 2012
1879-2685	Computer Aided Design (Online)	B4	Atualizada em 2012
0167-8396	Computer Aided Geometric Design	A2	Atualizada em 2012
1546-4261	Computer Animation and Virtual Worlds (print)	B1	Atualizada em 2012
1061-3773	Computer Applications in Engineering Education	B3	Atualizada em 2012
0146-4833	Computer Communication Review	A1	Atualizada em 2012
0140-3664	Computer Communications	A2	Atualizada em 2012
1467-8659	Computer Graphics Forum (Online)	A2	Atualizada em 2012
0167-7055	Computer Graphics Forum (Print)	A2	Atualizada em 2012
0271-4159	Computer Graphics World	B3	Atualizada em 2012
1460-2067	Computer Journal (Online)	B1	Atualizada em 2012
0010-4620	Computer Journal (Print)	B1	Atualizada em 2012
1477-8424	Computer Languages, Systems & Structures	B3	Atualizada em 2012
0169-2607	Computer Methods and Programs in Biomedicine (Print)	A2	Atualizada em 2012
0045-7825	Computer Methods in Applied Mechanics and Engineering	A1	Atualizada em 2012
1025-5842	Computer Methods in Biomechanics and Biomedical Engineering	B1	Atualizada em 2012
1531-5169	Computer Music Journal (Online)	B2	Atualizada em 2012
1389-1286	Computer Networks (1999)	A1	Atualizada em 2012
0010-4655	Computer Physics Communications	A1	Atualizada em 2012
1865-2034	Computer Science (Berlin. Print)	B4	Atualizada em 2012
1095-8363	Computer Speech & Language (Online)	B1	Atualizada em 2012
0885-2308	Computer Speech & Language (Print)	B1	Atualizada em 2012
0920-5489	Computer Standards & Interfaces	B1	Atualizada em 2012
0925-9724	Computer Supported Cooperative Work	B3	Atualizada em 2012
0267-6192	Computer Systems Science and Engineering	B3	Atualizada em 2012
1090-235X	Computer Vision and Image Understanding (Online)	A1	Atualizada em 2012
1077-3142	Computer Vision and Image Understanding (Print)	A1	Atualizada em 2012
1467-8667	Computer-Aided Civil And Infrastructure Engineering (Online)	B1	Atualizada em 2012
0895-6111	Computerized Medical Imaging and Graphics	B1	Atualizada em 2012
0098-1354	Computers & Chemical Engineering	A1	Atualizada em 2012
0045-7906	Computers & Electrical Engineering	B2	Atualizada em 2012
0045-7930	Computers & Fluids	A2	Atualizada em 2012
0098-3004	Computers & Geosciences	A2	Atualizada em 2012
0097-8493	Computers & Graphics	B1	Atualizada em 2012
0360-8352	Computers & Industrial Engineering	A2	Atualizada em 2012
0898-1221	Computers & Mathematics with Applications (1987)	A2	Atualizada em 2012
0305-0548	Computers & Operations Research	A1	Atualizada em 2012
0167-4048	Computers & Security	B1	Atualizada em 2012
0045-7949	Computers & Structures	A1	Atualizada em 2012
0360-1315	Computers and Education	A1	Atualizada em 2012
0168-1699	Computers and Electronics in Agriculture	A2	Atualizada em 2012
0266-352X	Computers and Geotechnics	B1	Atualizada em 2012
1572-8412	Computers and The Humanities (Dordrecht. Online)	A2	Atualizada em 2012
0010-4825	Computers in Biology and Medicine	B1	Atualizada em 2012
1544-3574	Computers in Entertainment	B3	Atualizada em 2012
0747-5632	Computers in Human Behavior	A2	Atualizada em 2012
0166-3615	Computers in Industry	A2	Atualizada em 2012
1538-9774	Computers, Informatics, Nursing (Online)	B1	Atualizada em 2012
1436-5057	Computing (Wien. Internet)	B1	Atualizada em 2012
0010-485X	Computing (Wien. Print)	B1	Atualizada em 2012
1335-9150	Computing and Informatics	B3	Atualizada em 2012
1521-9615	Computing in Science & Engineering (Print)	B1	Atualizada em 2012
1532-0626	Concurrency and Computation	B2	Atualizada em 2012
1096-9128	Concurrency: Practice and Experience	A2	Atualizada em 2012
1063-293X	Concurrent Engineering: Research and Applications	B3	Atualizada em 2012
1982-176X	Conexões : Ciência e Tecnologia	C	Atualizada em 2012
0384-9864	Congressus Numerantium	C	Atualizada em 2012
1360-0494	Connection Science (Online)	B1	Atualizada em 2012
1383-7133	Constraints (Dordrecht)	B1	Atualizada em 2012
1572-9354	Constraints (Dordrecht. Online)	B1	Atualizada em 2012
0950-0618	Construction & Building Materials	B2	Atualizada em 2012
0935-1175	Continuum Mechanics and Thermodynamics (Print)	B3	Atualizada em 2012
0324-8569	Control and Cybernetics	B1	Atualizada em 2012
0967-0661	Control Engineering Practice	A2	Atualizada em 2012
0103-1759	Controle & Automação (Impresso)	B5	Atualizada em 2012
1807-0345	Controle & Automação (Online)	B5	Atualizada em 2012
1405-1435	Convergencía (Toluca)	C	Atualizada em 2012
0970-647X	CSI Communications	C	Atualizada em 2012
1983-5930	Culturas Midiáticas	C	Atualizada em 2012
1369-5274	Current Opinion in Microbiology	B1	Atualizada em 2012
1381-6128	Current Pharmaceutical Design (Print)	B1	Atualizada em 2012
1389-2037	Current Protein and Peptide Science	B2	Atualizada em 2012
1934-3396	Current Protocols in Bioinformatics	B5	Atualizada em 2012
0907-0877	Cybernetics & Human Knowing	C	Atualizada em 2012
1087-6553	Cybernetics And Systems (Online)	B2	Atualizada em 2012
0169-023X	Data & Knowledge Engineering	A2	Atualizada em 2012
1384-5810	Data Mining and Knowledge Discovery	A2	Atualizada em 2012
1573-756X	Data Mining and Knowledge Discovery (Dordrecht. Online)	A2	Atualizada em 2012
1517-3801	Datagramazero (Rio de Janeiro)	C	Atualizada em 2012
0167-9236	Decision Support Systems	A1	Atualizada em 2012
0967-0645	Deep-Sea Research. Part 2. Tropical Studies in Oceanography	B1	Atualizada em 2012
1600-4469	Dental Traumatology (Print)	B2	Atualizada em 2012
0929-5585	Design Automation for Embedded Systems	B2	Atualizada em 2012
1572-8080	Design Automation For Embedded Systems (Dordrecht. Online)	B2	Atualizada em 2012
0747-9360	Design Issues	B4	Atualizada em 2012
1578-4223	DeSignis (Barcelona)	C	Atualizada em 2012
1573-7586	Designs, Codes And Cryptography (Dordrecht. Online)	B1	Atualizada em 2012
1058-8388	Developmental Dynamics	B2	Atualizada em 2012
1519-3640	Diálogo (Canoas)	C	Atualizada em 2012
1095-4333	Digital Signal Processing (Online)	B1	Atualizada em 2012
1981-2841	Disciplinarum Scientia. Série Ciências Naturais e Tecnológicas	C	Atualizada em 2012
1432-0444	Discrete and Computational Geometry (Internet)	B1	Atualizada em 2012
0166-218X	Discrete Applied Mathematics	A2	Atualizada em 2012
0012-365X	Discrete Mathematics	A2	Atualizada em 2012
1365-8050	Discrete Mathematics and Theoretical Computer Science (Online)	B2	Atualizada em 2012
1572-5286	Discrete Optimization	B1	Atualizada em 2012
0141-9382	Displays (Guildford)	B1	Atualizada em 2012
0926-8782	Distributed and Parallel Databases	B1	Atualizada em 2012
1573-7578	Distributed and Parallel Databases (Dordrecht. Online)	B1	Atualizada em 2012
0178-2770	Distributed Computing	B1	Atualizada em 2012
1432-0452	Distributed Computing (Internet)	B1	Atualizada em 2012
1807-3883	Dois Pontos (UFPR)	C	Atualizada em 2012
1044-789X	Dr. Dobb's Journal (1989)	B5	Atualizada em 2012
1201-3390	Dynamics of Continuous, Discrete and Impulsive System	B4	Atualizada em 2012
1865-0481	Earth Science Informatics (Internet)	B3	Atualizada em 2012
1865-0473	Earth Science Informatics (Print)	B3	Atualizada em 2012
1574-9541	Ecological Informatics (Print)	B1	Atualizada em 2012
0304-3800	Ecological Modelling	B2	Atualizada em 2012
1464-3839	Edinburgh Mathematical Society. Proceedings	B3	Atualizada em 2012
0101-7330	Educação & Sociedade (Impresso)	C	Atualizada em 2012
0101-465X	Educação (PUCRS. Impresso)	C	Atualizada em 2012
0102-3209	Educação Brasileira	C	Atualizada em 2012
1517-9702	Educação e Pesquisa (USP. Impresso)	C	Atualizada em 2012
1414-3895	Educação Gráfica (UNESP. Bauru)	C	Atualizada em 2012
1577-5097	ELCVIA. Electronic letters on computer vision and image analysis	B3	Atualizada em 2012
1532-5008	Electric Power Components and Systems	B3	Atualizada em 2012
0378-7796	Electric Power Systems Research (Print)	B2	Atualizada em 2012
0948-7921	Electrical Engineering (Berlin. Print)	B3	Atualizada em 2012
0301-150X	Electromyography and Clinical Neurophysiology	B2	Atualizada em 2012
1567-4223	Electronic Commerce Research and Applications	A2	Atualizada em 2012
1863-2122	Electronic Communications of the EASST	B2	Atualizada em 2012
0717-3458	Electronic Journal of Biotechnology	B2	Atualizada em 2012
1072-6691	Electronic Journal of Differential Equations	B2	Atualizada em 2012
1479-439X	Electronic Journal of e-Government	B2	Atualizada em 2012
1571-0653	Electronic Notes in Discrete Mathematics	B3	Atualizada em 2012
1571-0661	Electronic Notes in Theoretical Computer Science	B1	Atualizada em 2012
2075-2180	Electronic Proceedings in Theoretical Computer Science	B5	Atualizada em 2012
0013-5194	Electronics Letters	A1	Atualizada em 2012
1350-911X	Electronics Letters (Online)	A1	Atualizada em 2012
0104-1037	Em Aberto	C	Atualizada em 2012
1807-8893	Em Questão (UFRGS. Impresso)	C	Atualizada em 2012
1382-3256	Empirical Software Engineering	A2	Atualizada em 2012
1573-7616	Empirical Software Engineering (Dordrecht. Online)	A2	Atualizada em 2012
1518-2924	Encontros Bibli	C	Atualizada em 2012
0140-9883	Energy Economics	B1	Atualizada em 2012
1983-1277	Engenharia de Software Magazine	B5	Atualizada em 2012
1414-3984	Engenharia na Agricultura (Impresso)	C	Atualizada em 2012
0952-1976	Engineering Applications of Artificial Intelligence	A2	Atualizada em 2012
0264-4401	Engineering Computations	B1	Atualizada em 2012
1363-2078	Engineering Intelligent Systems: for electrical engineering and communications	B3	Atualizada em 2012
0177-0667	Engineering with Computers	B1	Atualizada em 2012
1435-5663	Engineering with Computers (Internet)	B1	Atualizada em 2012
1982-9485	Ensaios Científicos	C	Atualizada em 2012
1751-7575	Enterprise Information Systems (Print)	B2	Atualizada em 2012
0263-7758	Environment and Planning. D, Society & Space (Print)	B2	Atualizada em 2012
1352-8505	Environmental and Ecological Statistics	B2	Atualizada em 2012
1364-8152	Environmental Modelling & Software	A1	Atualizada em 2012
0167-6369	Environmental Monitoring and Assessment (Print)	B2	Atualizada em 2012
1180-4009	EnvironMetrics (London. Ont.)	B2	Atualizada em 2012
1807-8575	Espaço Energia	C	Atualizada em 2012
0103-0876	Estudos (UCGO. Impresso)	C	Atualizada em 2012
1413-0580	Estudos Sociedade e Agricultura (UFRJ)	C	Atualizada em 2012
1676-2592	ETD. Educação Temática Digital	C	Atualizada em 2012
1687-6180	EURASIP Journal on Advances in Signal Processing (Online)	B1	Atualizada em 2012
1687-6172	EURASIP Journal on Advances in Signal Processing (Print)	B1	Atualizada em 2012
1687-4153	EURASIP Journal on Bioinformatics and Systems Biology (Online)	B3	Atualizada em 2012
1687-3963	Eurasip Journal on Embedded Systems	B4	Atualizada em 2012
1687-1472	EURASIP Journal on Wireless Communications and Networking	B1	Atualizada em 2012
1027-5207	EURODL (Oslo)	C	Atualizada em 2012
1095-9971	European Journal of Combinatorics (Online)	B1	Atualizada em 2012
0195-6698	European Journal of Combinatorics (Print)	B1	Atualizada em 2012
0947-3580	European Journal of Control	B2	Atualizada em 2012
1476-9344	European Journal of Information Systems (Online)	B1	Atualizada em 2012
0223-5234	European Journal of Medicinal Chemistry	B2	Atualizada em 2012
0377-2217	European Journal of Operational Research	A1	Atualizada em 2012
1450-216X	European Journal of Scientific Research	B4	Atualizada em 2012
0295-5075	Europhysics Letters (Print)	B2	Atualizada em 2012
1063-6560	Evolutionary Computation	A1	Atualizada em 2012
1530-9304	Evolutionary Computation (Online)	A1	Atualizada em 2012
1864-5909	Evolutionary Intelligence (Print)	B4	Atualizada em 2012
1868-6478	Evolving Systems	B5	Atualizada em 2012
1058-6458	Experimental Mathematics	B2	Atualizada em 2012
1468-0394	Expert Systems (Online)	B2	Atualizada em 2012
0266-4720	Expert Systems (Print)	B2	Atualizada em 2012
0957-4174	Expert Systems with Applications	A1	Atualizada em 2012
0972-0871	Far East Journal of Mathematical Sciences: FJMS	B5	Atualizada em 2012
1809-936X	Faz. Ciência & Tecnologia	C	Atualizada em 2012
0378-1097	FEMS Microbiology Letters	B1	Atualizada em 2012
1934-4554	Financial Markets and Portfolio Management	C	Atualizada em 2012
2177-8671	Fio da Ação	C	Atualizada em 2012
1396-0466	First Monday (Online)	B2	Atualizada em 2012
1677-0323	FLF.EDU	C	Atualizada em 2012
1808-0715	Fonte (Belo Horizonte)	C	Atualizada em 2012
0379-0738	Forensic Science International	B2	Atualizada em 2012
0934-5043	Formal Aspects of Computing	A2	Atualizada em 2012
1433-299X	Formal Aspects of Computing (Internet)	A2	Atualizada em 2012
0925-9856	Formal Methods in System Design	A2	Atualizada em 2012
1572-8102	Formal Methods in System Design (Dordrecht. Online)	A2	Atualizada em 2012
1615-3383	Foundations of Computational Mathematics (Internet)	B2	Atualizada em 2012
0169-2968	Fundamenta Informaticae	B1	Atualizada em 2012
0167-739X	Future Generation Computer Systems	A2	Atualizada em 2012
0165-0114	Fuzzy Sets and Systems	A1	Atualizada em 2012
0378-1119	Gene (Amsterdam)	B2	Atualizada em 2012
1389-2576	Genetic Programming and Evolvable Machines (Print)	B1	Atualizada em 2012
1415-4757	Genetics and Molecular Biology (Impresso)	B3	Atualizada em 2012
1676-5680	Genetics and Molecular Research	B2	Atualizada em 2012
1265-1397	Genie Logiciel	B5	Atualizada em 2012
1474-7596	Genome Biology (Print): Biology for the Post-Genomic Era	B1	Atualizada em 2012
1088-9051	Genome Research	B1	Atualizada em 2012
0016-7061	Geoderma (Amsterdam)	B2	Atualizada em 2012
1384-6175	Geoinformatica (Dordrecht)	B1	Atualizada em 2012
1573-7624	Geoinformatica (Dordrecht. Online)	B1	Atualizada em 2012
0104-530X	Gestão & Produção (UFSCAR. Impresso)	C	Atualizada em 2012
1808-5792	Gestão & Regionalidade	C	Atualizada em 2012
1679-236X	Gestão (Curitiba)	C	Atualizada em 2012
1738-6438	GESTS International Transactions on Computer Science and Engineering	B5	Atualizada em 2012
1524-0703	Graphical Models (Print)	B2	Atualizada em 2012
0911-0119	Graphs and Combinatorics	B2	Atualizada em 2012
0017-8012	Harvard Business Review	B2	Atualizada em 2012
0103-1155	Hífen (PUCRS. Impresso)	C	Atualizada em 2012
1983-6511	Hífen (Uruguaiana. Online)	C	Atualizada em 2012
0018-2028	Híradástechnika / Journal on Communications, Computers, Convergence, Contents, Companies (English)	C	Atualizada em 2012
1807-1600	Holos (Natal. Online)	C	Atualizada em 2012
1808-3064	Horizonte Científico (Uberlândia)	C	Atualizada em 2012
1532-7051	Human-Computer Interaction (Online)	A2	Atualizada em 2012
1078-9669	HVAC & R Research	B2	Atualizada em 2012
0885-6087	Hydrological Processes (Print)	B2	Atualizada em 2012
1645-7641	IADIS International Journal on WWWInternet	B5	Atualizada em 2012
0144-7815	IAHS-AISH Publication	C	Atualizada em 2012
0018-8646	IBM Journal of Research and Development (Print)	A1	Atualizada em 2012
0018-8670	IBM Systems Journal (Print)	A2	Atualizada em 2012
1389-6911	ICGA Journal	B1	Atualizada em 2012
1359-7019	IEE Proceedings. Communications (Online)	B3	Atualizada em 2012
1058-6180	IEEE Annals of the History of Computing	B3	Atualizada em 2012
1089-7798	IEEE Communications Letters (Print)	A1	Atualizada em 2012
0163-6804	IEEE Communications Magazine (Print)	A1	Atualizada em 2012
1553-877X	IEEE Communications Surveys and Tutorials	A1	Atualizada em 2012
1556-6056	IEEE Computer Architecture Letters	B4	Atualizada em 2012
0272-1716	IEEE Computer Graphics and Applications	A2	Atualizada em 2012
0740-7475	IEEE Design & Test of Computers (Print)	A2	Atualizada em 2012
1541-4922	IEEE Distributed Systems Online	B1	Atualizada em 2012
0739-5175	IEEE Engineering in Medicine and Biology Magazine	B2	Atualizada em 2012
1932-4537	IEEE eTransactions on Network and Service Management	B4	Atualizada em 2012
1545-598X	IEEE Geoscience and Remote Sensing Letters (Print)	B1	Atualizada em 2012
1541-1672	IEEE Intelligent Systems	A1	Atualizada em 2012
1089-7801	IEEE Internet Computing	A1	Atualizada em 2012
1932-4553	IEEE Journal of Selected Topics in Signal Processing	A1	Atualizada em 2012
0733-8716	IEEE Journal on Selected Areas in Communications (Print)	A1	Atualizada em 2012
0272-1732	IEEE Micro	A1	Atualizada em 2012
1558-7908	IEEE Multidisciplinary Engineering Education Magazine	B4	Atualizada em 2012
1070-986X	IEEE Multimedia	A2	Atualizada em 2012
0890-8044	IEEE Network	A1	Atualizada em 2012
1536-1268	IEEE Pervasive Computing	A2	Atualizada em 2012
1041-1135	IEEE Photonics Technology Letters	B1	Atualizada em 2012
1540-7993	IEEE Security & Privacy	B1	Atualizada em 2012
1070-9908	IEEE Signal Processing Letters	A1	Atualizada em 2012
1053-5888	IEEE Signal Processing Magazine (Print)	A1	Atualizada em 2012
0740-7459	IEEE Software	A1	Atualizada em 2012
0018-9286	IEEE Transactions on Automatic Control (Print)	A1	Atualizada em 2012
0018-9294	IEEE Transactions on Biomedical Engineering (Print)	A1	Atualizada em 2012
0018-9316	IEEE Transactions on Broadcasting	A2	Atualizada em 2012
1051-8215	IEEE Transactions on Circuits and Systems for Video Technology (Print)	A1	Atualizada em 2012
1549-8328	IEEE Transactions on Circuits and Systems. I, Regular Papers (Print)	A2	Atualizada em 2012
0090-6778	IEEE Transactions on Communications (Print)	A1	Atualizada em 2012
0278-0070	IEEE Transactions on Computer-Aided Design of Integrated Circuits and Systems	A1	Atualizada em 2012
0018-9340	IEEE Transactions on Computers (Print)	A1	Atualizada em 2012
0098-3063	IEEE Transactions on Consumer Electronics	A2	Atualizada em 2012
1545-5971	IEEE Transactions on Dependable and Secure Computing	B1	Atualizada em 2012
1070-9878	IEEE Transactions on Dielectrics and Electrical Insulation	B2	Atualizada em 2012
0018-9359	IEEE Transactions on Education	B1	Atualizada em 2012
0018-9383	IEEE Transactions on Electron Devices	A1	Atualizada em 2012
1089-778X	IEEE Transactions on Evolutionary Computation	A1	Atualizada em 2012
1063-6706	IEEE Transactions on Fuzzy Systems	A1	Atualizada em 2012
0196-2892	IEEE Transactions on Geoscience and Remote Sensing	A1	Atualizada em 2012
1057-7149	IEEE Transactions on Image Processing	A1	Atualizada em 2012
0278-0046	IEEE Transactions on Industrial Electronics (1982. Print)	A1	Atualizada em 2012
1551-3203	IEEE Transactions on Industrial Informatics	A2	Atualizada em 2012
1089-7771	IEEE Transactions on Information Technology in Biomedicine	A2	Atualizada em 2012
0018-9448	IEEE Transactions on Information Theory	A1	Atualizada em 2012
0018-9456	IEEE Transactions on Instrumentation and Measurement	A2	Atualizada em 2012
1041-4347	IEEE Transactions on Knowledge and Data Engineering (Print)	A1	Atualizada em 2012
1939-1382	IEEE Transactions on Learning Technologies	B5	Atualizada em 2012
0018-9464	IEEE Transactions on Magnetics	B2	Atualizada em 2012
0278-0062	IEEE Transactions on Medical Imaging (Print)	A1	Atualizada em 2012
1520-9210	IEEE Transactions on Multimedia	A1	Atualizada em 2012
1536-1241	IEEE Transactions on Nanobioscience	A2	Atualizada em 2012
1045-9227	IEEE Transactions on Neural Networks	A1	Atualizada em 2012
0018-9499	IEEE Transactions on Nuclear Science	B2	Atualizada em 2012
1045-9219	IEEE Transactions on Parallel and Distributed Systems (Print)	A1	Atualizada em 2012
0162-8828	IEEE Transactions on Pattern Analysis and Machine Intelligence	A1	Atualizada em 2012
0885-8977	IEEE Transactions on Power Delivery	B2	Atualizada em 2012
0885-8993	IEEE Transactions on Power Electronics	B1	Atualizada em 2012
0885-8950	IEEE Transactions on Power Systems	B1	Atualizada em 2012
0018-9529	IEEE Transactions on Reliability	A2	Atualizada em 2012
1552-3098	IEEE Transactions on Robotics	A1	Atualizada em 2012
1042-296X	IEEE Transactions on Robotics and Automation (Cessou em 2004. Foi desdobrado em dois: ISSN 1545-5955 IEEE Transactions on Automation Science and Engineering e ISSN 1552-3098 IEEE Transactions on Robotics)	A1	Atualizada em 2012
1053-587X	IEEE Transactions on Signal Processing	A1	Atualizada em 2012
0098-5589	IEEE Transactions on Software Engineering	A1	Atualizada em 2012
1083-4427	IEEE Transactions on Systems, Man and Cybernetics. Part A. Systems and Humans	A1	Atualizada em 2012
1083-4419	IEEE Transactions on Systems, Man and Cybernetics. Part B. Cybernetics	A1	Atualizada em 2012
1094-6977	IEEE Transactions on Systems, Man and Cybernetics. Part C, Applications and Reviews	A2	Atualizada em 2012
0018-9545	IEEE Transactions on Vehicular Technology	A1	Atualizada em 2012
1063-8210	IEEE Transactions on Very Large Scale Integration (VLSI) Systems (Print)	A1	Atualizada em 2012
1077-2626	IEEE Transactions on Visualization and Computer Graphics	A1	Atualizada em 2012
1536-1276	IEEE Transactions on Wireless Communications	A1	Atualizada em 2012
1536-1284	IEEE Wireless Communications	A1	Atualizada em 2012
1932-8540	IEEE-RITA	B4	Atualizada em 2012
1545-5963	IEEE/ACM Transactions on Computational Biology and Bioinformatics (Print)	A2	Atualizada em 2012
1063-6692	IEEE/ACM Transactions on Networking (Print)	A1	Atualizada em 2012
1745-1345	IEICE Transactions on Communications (Online)	B3	Atualizada em 2012
0916-8524	IEICE Transactions on Electronics	B1	Atualizada em 2012
0916-8508	IEICE Transactions on Fundamentals of Electronics, Communications and Computer Science	B1	Atualizada em 2012
0916-8532	IEICE Transactions on Information and Systems	B1	Atualizada em 2012
1751-858X	IET Circuits, Devices & Systems (Print)	B3	Atualizada em 2012
1751-8628	IET Communications (Print)	B1	Atualizada em 2012
1751-861X	IET Computers & Digital Techniques (Online)	B1	Atualizada em 2012
1751-8601	IET Computers & Digital Techniques (Print)	B1	Atualizada em 2012
1751-8660	IET Electric Power Applications (Print)	B2	Atualizada em 2012
1751-8687	IET Generation, Transmission & Distribution (Print)	B2	Atualizada em 2012
1751-8814	IET Software (Online)	B1	Atualizada em 2012
1751-8806	IET Software (Print)	B1	Atualizada em 2012
1982-5498	Igapó (CEFET-AM)	C	Atualizada em 2012
1826-9885	Il Nuovo Cimento della Società Italiana di Fisica. C. Geophysics and Space Physics (Online)	B2	Atualizada em 2012
0272-4960	IMA Journal of Applied Mathematics	B3	Atualizada em 2012
1471-678X	IMA Journal of Management Mathematics (Print)	B3	Atualizada em 2012
0272-4979	IMA Journal of Numerical Analysis	A2	Atualizada em 2012
0262-8856	Image and Vision Computing	A1	Atualizada em 2012
1807-4545	INFOCOMP (UFLA. Impresso)	C	Atualizada em 2012
0315-5986	INFOR. Information Systems and Operational Research	B2	Atualizada em 2012
0104-0146	Informação & Sociedade (UFPB. Impresso)	C	Atualizada em 2012
1392-124X	Informacinés Technologijos ir Valdymas	C	Atualizada em 2012
0716-8756	Información Tecnológica (Impresa)	C	Atualizada em 2012
0350-5596	Informatica (Ljubljana)	B5	Atualizada em 2012
1753-8165	Informatics for Health and Social Care (Online)	B3	Atualizada em 2012
1648-5831	Informatics in Education	B3	Atualizada em 2012
0378-7206	Information & Management (Amsterdam)	A1	Atualizada em 2012
1090-2651	Information and Computation (Online)	A2	Atualizada em 2012
0890-5401	Information and Computation (Print)	A2	Atualizada em 2012
0950-5849	Information and Software Technology	A2	Atualizada em 2012
1566-2535	Information Fusion (Print)	B1	Atualizada em 2012
0968-5227	Information Management & Computer Security	B2	Atualizada em 2012
1570-1255	Information Polity	B2	Atualizada em 2012
0306-4573	Information Processing & Management	A2	Atualizada em 2012
0020-0190	Information Processing Letters (Print)	A2	Atualizada em 2012
1386-4564	Information Retrieval (Boston)	B1	Atualizada em 2012
1573-7659	Information Retrieval (Dordrecht. Online)	B1	Atualizada em 2012
0020-0255	Information Sciences	A1	Atualizada em 2012
1338-1237	Information Sciences and Technologies - Bulletin of the ACM Slovakia	B5	Atualizada em 2012
0306-4379	Information Systems (Oxford)	A2	Atualizada em 2012
1572-9419	Information Systems Frontiers (Dordrecht. Online)	B1	Atualizada em 2012
1387-3326	Information Systems Frontiers (Print)	B1	Atualizada em 2012
1058-0530	Information Systems Management	B1	Atualizada em 2012
0730-9295	Information Technology and Libraries	B2	Atualizada em 2012
1385-951X	Information Technology and Management	B1	Atualizada em 2012
0268-1102	Information Technology for Development	B3	Atualizada em 2012
1473-8716	Information Visualization (Print)	B1	Atualizada em 2012
0988-3754	Informatique Théorique et Applications (Imprimé)	B2	Atualizada em 2012
1091-9856	INFORMS Journal on Computing	A2	Atualizada em 2012
1526-5528	INFORMS Journal on Computing (Online)	A2	Atualizada em 2012
0718-3305	Ingeniare. Revista Chilena de Ingeniería (En línea)	C	Atualizada em 2012
1614-5054	Innovations in Systems and Software Engineering (Internet)	B3	Atualizada em 2012
1614-5046	Innovations in Systems and Software Engineering (Print)	B3	Atualizada em 2012
0020-1685	Inorganic Materials	B4	Atualizada em 2012
1069-2509	Integrated Computer-Aided Engineering	A2	Atualizada em 2012
1872-7522	Integration (Amsterdam. Online)	B2	Atualizada em 2012
0167-9260	Integration (Amsterdam. Print)	B2	Atualizada em 2012
1137-3601	Inteligencia Artificial	B3	Atualizada em 2012
1517-3860	Inteligência Empresarial (UFRJ)	C	Atualizada em 2012
1079-8587	Intelligent Automation and Soft Computing	B3	Atualizada em 2012
1088-467X	Intelligent Data Analysis (Print)	B4	Atualizada em 2012
1872-4981	Intelligent Decision Technologies	B4	Atualizada em 2012
0101-7136	Inter-ação (UFG. Impresso)	C	Atualizada em 2012
0953-5438	Interacting with Computers	B1	Atualizada em 2012
1072-5520	Interactions (New York, N.Y.)	B2	Atualizada em 2012
0092-2102	Interfaces (Providence)	B2	Atualizada em 2012
0964-8305	International Biodeterioration & Biodegradation	B2	Atualizada em 2012
1742-4712	International Journal for Infonomics (IJI) (Online)	B5	Atualizada em 2012
1097-0207	International Journal for Numerical Methods in Engineering (Online)	A1	Atualizada em 2012
0029-5981	International Journal for Numerical Methods in Engineering (Print)	A1	Atualizada em 2012
1097-0363	International Journal for Numerical Methods in Fluids (Online)	A1	Atualizada em 2012
0271-2091	International Journal for Numerical Methods in Fluids (Print)	A1	Atualizada em 2012
1353-4505	International Journal for Quality in Health Care	B2	Atualizada em 2012
1462-4613	International Journal of Advanced Media and Communication	B4	Atualizada em 2012
1741-8003	International Journal of Advanced Media and Communication (Online)	B4	Atualizada em 2012
1746-1375	International Journal of Agent-Oriented Software Engineering (Print)	B3	Atualizada em 2012
0218-1967	International Journal of Algebra and Computation	B2	Atualizada em 2012
1383-5416	International Journal of Applied Electromagnetics and Mechanics	B3	Atualizada em 2012
1311-1728	International Journal of Applied Mathematics	B3	Atualizada em 2012
0888-613X	International Journal of Approximate Reasoning	A2	Atualizada em 2012
1873-4731	International Journal of Approximate Reasoning (Online)	A2	Atualizada em 2012
1560-4292	International Journal of Artificial Intelligence in Education (Print)	B1	Atualizada em 2012
1754-8632	International Journal of Autonomous and Adaptive Communications Systems (Print)	B4	Atualizada em 2012
0218-1274	International Journal of Bifurcation and Chaos in Applied Sciences and Engineering	B2	Atualizada em 2012
1758-0374	International Journal of Bio-Inspired Computation (Online)	B2	Atualizada em 2012
1758-0366	International Journal of Bio-Inspired Computation (Print)	B2	Atualizada em 2012
1744-5493	International Journal of Bioinformatics Research and Applications (Online)	B3	Atualizada em 2012
1744-5485	International Journal of Bioinformatics Research and Applications (Print)	B3	Atualizada em 2012
1738-995X	International Journal of Broadband Wireless Communications	B5	Atualizada em 2012
1743-8187	International Journal of Business Intelligence and Data Mining	B3	Atualizada em 2012
1741-8771	International Journal of Business Process Integration and Management (Online)	B4	Atualizada em 2012
1741-8763	International Journal of Business Process Integration and Management (Print)	B4	Atualizada em 2012
1754-3924	International Journal of Communication Networks and Distributed Systems	B4	Atualizada em 2012
1754-3916	International Journal of Communication Networks and Distributed Systems (Print)	B4	Atualizada em 2012
1099-1131	International Journal of Communication Systems (Online)	B3	Atualizada em 2012
1074-5351	International Journal of Communication Systems (Print)	B3	Atualizada em 2012
1311-6789	International Journal of Computational and Numerical Analysis and Applications	B5	Atualizada em 2012
1756-0764	International Journal of Computational Biology and Drug Design (Online)	B5	Atualizada em 2012
1918-3909	International Journal of Computational Bioscience	B5	Atualizada em 2012
1061-8562	International Journal of Computational Fluid Dynamics (Print)	B2	Atualizada em 2012
0218-1959	International Journal of Computational Geometry and Applications	B1	Atualizada em 2012
1304-2386	International Journal of Computational Intelligence	B5	Atualizada em 2012
1861-6410	International Journal of Computer Assisted Radiology and Surgery (Print)	B2	Atualizada em 2012
1687-7047	International Journal of Computer Games Technology	B4	Atualizada em 2012
2150-7988	International Journal of Computer Information Systems and Industrial Management Applications	B5	Atualizada em 2012
1362-3052	International Journal of Computer Integrated Manufacturing (Online)	B1	Atualizada em 2012
0951-192X	International Journal of Computer Integrated Manufacturing (Print)	B1	Atualizada em 2012
0020-7160	International Journal of Computer Mathematics	B2	Atualizada em 2012
0972-9038	International Journal of Computer Science and Applications (Online)	B5	Atualizada em 2012
1947-5500	International Journal of Computer Science and Information Security	B5	Atualizada em 2012
0975-4660	International Journal of Computer Science and Information Technology (Print)	B5	Atualizada em 2012
1738-7906	International Journal of Computer Science and Network Security	B5	Atualizada em 2012
0920-5691	International Journal of Computer Vision	A1	Atualizada em 2012
1206-212X	International Journal of Computers & Applications	B4	Atualizada em 2012
1841-9836	International Journal of Computers, Communications & Control (Print)	B3	Atualizada em 2012
0974-696X	International Journal of Computing and Information Technology	B5	Atualizada em 2012
1741-5055	International Journal of Continuing Engineering Education and Life-Long Learning (Online)	B5	Atualizada em 2012
0020-7179	International Journal of Control (Print)	A1	Atualizada em 2012
0218-8430	International Journal of Cooperative Information Systems (Singapore)	B1	Atualizada em 2012
1748-5673	International Journal of Data Mining and Bioinformatics	B2	Atualizada em 2012
1548-3924	International Journal of Data Warehousing and Mining	B3	Atualizada em 2012
1753-5212	International Journal of Digital Culture and Electronic Tourism (Print)	B5	Atualizada em 2012
1539-3100	International Journal of Distance Education Technologies	B3	Atualizada em 2012
1550-1477	International Journal of Distributed Sensor Networks (Online)	B3	Atualizada em 2012
1548-1131	International Journal of e-Business Research	B3	Atualizada em 2012
0142-0615	International Journal of Electrical Power & Energy Systems	B2	Atualizada em 2012
1307-5179	International Journal of Electrical, Computer, and Systems Engineering	B5	Atualizada em 2012
1086-4415	International Journal of Electronic Commerce	A2	Atualizada em 2012
1548-3886	International Journal of Electronic Government Research	B3	Atualizada em 2012
1362-3060	International Journal of Electronics (Online)	B1	Atualizada em 2012
0020-7217	International Journal of Electronics (Print)	B1	Atualizada em 2012
1947-3176	International Journal of Embedded and Real-Time Communication Systems	B5	Atualizada em 2012
1553-779X	International Journal of Emerging Electric Power Systems	B5	Atualizada em 2012
1472-8915	International Journal of Engineering Intelligent Systems for Electrical Engineering and Communications (1997)	B3	Atualizada em 2012
0169-2070	International Journal of Forecasting	B2	Atualizada em 2012
0129-0541	International Journal of Foundations of Computer Science	B2	Atualizada em 2012
1756-2112	International Journal of Functional Informatics and Personalised Medicine (Online)	B4	Atualizada em 2012
1756-2104	International Journal of Functional Informatics and Personalised Medicine (Print)	B4	Atualizada em 2012
1365-8824	International Journal of Geographical Information Science (Online)	A2	Atualizada em 2012
1365-8816	International Journal of Geographical Information Science (Print)	A2	Atualizada em 2012
1466-6650	International Journal of Global Environmental Issues	B5	Atualizada em 2012
1947-9158	International Journal of Handheld Computing Research	B5	Atualizada em 2012
1476-072X	International Journal of Health Geographics	B2	Atualizada em 2012
1555-3396	International Journal of Healthcare Information Systems and Informatics	B4	Atualizada em 2012
1740-0562	International Journal of High Performance Computing and Networking (Print)	B3	Atualizada em 2012
1751-6528	International Journal of High Performance Systems Architecture (Print)	B2	Atualizada em 2012
1532-7590	International Journal of Human-Computer Interaction (Online)	B1	Atualizada em 2012
1095-9300	International Journal of Human-Computer Studies (Online)	A1	Atualizada em 2012
1448-5869	International Journal of Hybrid Intelligent Systems	B3	Atualizada em 2012
0360-3199	International Journal of Hydrogen Energy	B1	Atualizada em 2012
0219-4678	International Journal of Image and Graphics	B2	Atualizada em 2012
0899-9457	International Journal of Imaging Systems and Technology (Print)	B2	Atualizada em 2012
0169-8141	International Journal of Industrial Ergonomics	B2	Atualizada em 2012
1550-1876	International Journal of Information and Communication Technology Education	B3	Atualizada em 2012
1615-5262	International Journal of Information Security (Print)	B1	Atualizada em 2012
1947-8186	International Journal of Information System Modeling and Design	B4	Atualizada em 2012
1895-8648	International Journal of Information Technology and Intelligent Computing	B5	Atualizada em 2012
1554-1045	International Journal of Information Technology and Web Engineering	B4	Atualizada em 2012
1751-6498	International Journal of Innovative Computing and Applications (Online)	B5	Atualizada em 2012
1751-648X	International Journal of Innovative Computing and Applications (Print)	B5	Atualizada em 2012
1349-4198	International Journal of Innovative Computing, Information & Control	A2	Atualizada em 2012
0218-2157	International Journal of Intelligent and Cooperative Information Systems	B2	Atualizada em 2012
1756-378X	International Journal of Intelligent Computing and Cybernetics (Print)	B5	Atualizada em 2012
1548-3657	International Journal of Intelligent Information Technologies	B4	Atualizada em 2012
1098-111X	International Journal of Intelligent Systems (Online)	B1	Atualizada em 2012
0884-8173	International Journal of Intelligent Systems (Print)	B1	Atualizada em 2012
1865-7923	International Journal of Interactive Mobile Technologies	B5	Atualizada em 2012
1741-1009	International Journal of Knowledge and Learning (Print)	B2	Atualizada em 2012
1755-2087	International Journal of Knowledge Engineering and Data Mining	B5	Atualizada em 2012
1447-9524	International Journal of Knowledge, Culture and Change Management	B5	Atualizada em 2012
1743-9132	International Journal of Managerial Finance	C	Atualizada em 2012
1368-2148	International Journal of Manufacturing Technology and Management	B3	Atualizada em 2012
1386-5056	International Journal of Medical Informatics	A2	Atualizada em 2012
1744-2621	International Journal of Metadata, Semantics and Ontologies (Print)	B3	Atualizada em 2012
1937-9412	International Journal of Mobile Computing and Multimedia Communications	B5	Atualizada em 2012
1982-6036	International Journal of Modeling and Simulation for the Petroleum Industry (Impresso)	B5	Atualizada em 2012
0217-9792	International Journal of Modern Physics B	B2	Atualizada em 2012
0129-1831	International Journal of Modern Physics C	B2	Atualizada em 2012
1947-928X	International Journal of Natural Computing Research	B5	Atualizada em 2012
1099-1190	International Journal of Network Management (Online)	B3	Atualizada em 2012
1055-7148	International Journal of Network Management (Print)	B3	Atualizada em 2012
1470-9503	International Journal of Networking and Virtual Organisations	B3	Atualizada em 2012
0129-0657	International Journal of Neural Systems	A1	Atualizada em 2012
1745-7645	International Journal of Operational Research (Print)	B3	Atualizada em 2012
0885-7458	International Journal of Parallel Programming	B2	Atualizada em 2012
1744-5760	International Journal of Parallel, Emergent and Distributed Systems (Print)	B2	Atualizada em 2012
0218-0014	International Journal of Pattern Recognition and Artificial Intelligence	B1	Atualizada em 2012
1078-3466	International Journal of Power & Energy Systems	B4	Atualizada em 2012
1743-5110	International Journal of Product Lifecycle Management (Print)	C	Atualizada em 2012
0925-5273	International Journal of Production Economics	B2	Atualizada em 2012
0020-7543	International Journal of Production Research (Print)	B1	Atualizada em 2012
1311-8080	International Journal of Pure and Applied Mathematics	B5	Atualizada em 2012
0219-7499	International Journal of Quantum Information	B2	Atualizada em 2012
1755-0556	International Journal of Reasoning-Based Intelligent Systems (Print)	B4	Atualizada em 2012
0143-1161	International Journal of Remote Sensing (Print)	A2	Atualizada em 2012
1099-047X	International Journal of RF and Microwave Computer-Aided Engineering (Online)	B1	Atualizada em 2012
1466-8297	International Journal of Risk Assessment and Management	C	Atualizada em 2012
1747-8405	International Journal of Security and Networks (Print)	B2	Atualizada em 2012
1793-351X	International Journal of Semantic Computing	B4	Atualizada em 2012
1741-539X	International Journal of Services Operations and Informatics (Print)	B4	Atualizada em 2012
1752-6124	International Journal of Social and Humanistic Computing (Print)	B4	Atualizada em 2012
0975-816X	International Journal of Soft Computing and Bioinformatics	B5	Atualizada em 2012
0218-1940	International Journal of Software Engineering and Knowledge Engineering	B2	Atualizada em 2012
1725-0463	International Journal of Spatial Data Infrastructures Research	B4	Atualizada em 2012
1748-0671	International Journal of System of Systems Engineering (Print)	B4	Atualizada em 2012
1464-5319	International Journal of Systems Science (Online)	A2	Atualizada em 2012
1749-9151	International Journal of Teaching and Case Studies	B5	Atualizada em 2012
0219-0249	International Journal of Theoretical and Applied Finance	B4	Atualizada em 2012
0972-9976	International Journal of Tomography & Statistics	B5	Atualizada em 2012
0970-9819	International Journal of Translation	C	Atualizada em 2012
2005-4246	International Journal of U- and E-Service, Science and Technology	B5	Atualizada em 2012
0218-4885	International Journal of Uncertainty, Fuzziness and Knowledge-Based Systems	B1	Atualizada em 2012
1741-1114	International Journal of Web and Grid Services (Online)	B1	Atualizada em 2012
1741-1106	International Journal of Web and Grid Services (Print)	B1	Atualizada em 2012
1477-8394	International Journal of Web Based Communities (Print)	B3	Atualizada em 2012
1476-1289	International Journal of Web Engineering and Technology	B2	Atualizada em 2012
1744-0084	International Journal of Web Information Systems (Print)	B3	Atualizada em 2012
1068-9605	International Journal of Wireless Information Networks	B2	Atualizada em 2012
1942-2628	International Journal on Advances in Softw	B5	Atualizada em 2012
0218-2130	International Journal on Artificial Intelligence Tools	B3	Atualizada em 2012
1469-0268	International Journal on Computational Intelligence and Applications	B5	Atualizada em 2012
1432-5012	International Journal on Digital Libraries (Print)	B3	Atualizada em 2012
1433-2833	International Journal on Document Analysis and Recognition (Print)	B1	Atualizada em 2012
1537-2456	International Journal on E-Learning	B1	Atualizada em 2012
1433-2787	International Journal on Software Tools for Technology Transfer (Internet)	B2	Atualizada em 2012
1433-2779	International Journal on Software Tools for Technology Transfer (Print)	B2	Atualizada em 2012
0268-3768	International Journal, Advanced Manufacturing Technology	B2	Atualizada em 2012
1863-0383	International Journal: Emerging Technologies in Learning	B5	Atualizada em 2012
1861-4280	International Reports on Socio-Informatics	B5	Atualizada em 2012
0969-6016	International Transactions in Operational Research	B4	Atualizada em 2012
1751-1461	International Transactions on Systems Science and Applications (Print)	B4	Atualizada em 2012
1542-7951	Internet Mathematics (Print)	B1	Atualizada em 2012
1066-2243	Internet Research	B1	Atualizada em 2012
2178-6119	Interval Mathematics and Connections in Teaching and Scientific Development	B5	Atualizada em 2012
0874-5161	Investigação Operacional	B4	Atualizada em 2012
1516-697X	IP (Belo Horizonte)	B5	Atualizada em 2012
0021-2172	Israel Journal of Mathematics	B2	Atualizada em 2012
1984-2902	iSys: Revista Brasileira de Sistemas de Informação	B3	Atualizada em 2012
1520-9202	IT Professional	B2	Atualizada em 2012
1120-1770	Italian Journal of Food Sciences	C	Atualizada em 2012
1460-7425	JASSS (Guildford)	B2	Atualizada em 2012
0835-3026	JCMCC. Journal of Combinatorial Mathematics and Combinatorial Computing	B4	Atualizada em 2012
1845-6421	JCOMSS - Journal of Communications Software and Systems	B5	Atualizada em 2012
1807-1953	JICS. Journal of Integrated Circuits and Systems (Ed. Português)	B5	Atualizada em 2012
1808-4400	Jornalistas da Web	C	Atualizada em 2012
1433-8157	Journal for Geometry and Graphics	B3	Atualizada em 2012
0197-6729	Journal of Advanced Transportation	B3	Atualizada em 2012
1984-9648	Journal of Aerospace Technology and Management (Impresso)	B5	Atualizada em 2012
0969-6997	Journal of Air Transport Management	B2	Atualizada em 2012
0021-8693	Journal of Algebra (Print)	B3	Atualizada em 2012
1090-2678	Journal of Algorithms (Online)	A2	Atualizada em 2012
0196-6774	Journal of Algorithms (Print)	A2	Atualizada em 2012
1570-8683	Journal of Applied Logic	B3	Atualizada em 2012
0021-8936	Journal of Applied Mechanics	B2	Atualizada em 2012
1558-8424	Journal of Applied Meteorology and Climatology	B2	Atualizada em 2012
1166-3081	Journal of Applied Non-Classical Logics	B2	Atualizada em 2012
0021-8979	Journal of Applied Physics	B2	Atualizada em 2012
1097-4628	Journal of Applied Polymer Science (Online)	B1	Atualizada em 2012
1067-5817	Journal of Applied Statistical Science	B5	Atualizada em 2012
0266-4763	Journal of Applied Statistics	B4	Atualizada em 2012
0739-0572	Journal of Atmospheric and Oceanic Technology	B2	Atualizada em 2012
1573-0670	Journal of Automated Reasoning (Dordrecht. Online)	B1	Atualizada em 2012
0021-9193	Journal of Bacteriology (Print)	B2	Atualizada em 2012
0219-7200	Journal of Bioinformatics and Computational Biology (Print)	B1	Atualizada em 2012
1532-0464	Journal of Biomedical Informatics	A2	Atualizada em 2012
1549-960X	Journal of Chemical Information and Modeling (Online)	B1	Atualizada em 2012
0886-9383	Journal of Chemometrics (Print)	B2	Atualizada em 2012
0218-1266	Journal of Circuits, Systems, and Computers	B2	Atualizada em 2012
0959-6526	Journal of Cleaner Production	B2	Atualizada em 2012
0095-1137	Journal of Clinical Microbiology (Print)	B1	Atualizada em 2012
1386-6532	Journal of Clinical Virology	B1	Atualizada em 2012
0749-0208	Journal of Coastal Research	B3	Atualizada em 2012
1382-6905	Journal of Combinatorial Optimization	B1	Atualizada em 2012
1573-2886	Journal of Combinatorial Optimization (Dordrecht. Online)	B1	Atualizada em 2012
0097-3165	Journal of Combinatorial Theory. Series A (Print)	B1	Atualizada em 2012
0095-8956	Journal of Combinatorial Theory. Series B (Print)	B1	Atualizada em 2012
1548-7709	Journal of Communication and Computer	B5	Atualizada em 2012
1229-2370	Journal of Communications and Networks (Seoul. Print)	B2	Atualizada em 2012
1090-2708	Journal of Complexity (Online)	B1	Atualizada em 2012
0885-064X	Journal of Complexity (Print)	B1	Atualizada em 2012
0377-0427	Journal of Computational and Applied Mathematics	A2	Atualizada em 2012
1066-5277	Journal of Computational Biology	A1	Atualizada em 2012
0192-8651	Journal of Computational Chemistry	A1	Atualizada em 2012
1569-8025	Journal of Computational Electronics (Print)	B3	Atualizada em 2012
1983-8409	Journal of Computational Interdisciplinary Sciences	B5	Atualizada em 2012
1090-2716	Journal of Computational Physics (Online)	A1	Atualizada em 2012
0021-9991	Journal of Computational Physics (Print)	A1	Atualizada em 2012
1064-2307	Journal of Computer & Systems Sciences International	B3	Atualizada em 2012
1090-2724	Journal of Computer and System Sciences (Online)	A2	Atualizada em 2012
0022-0000	Journal of Computer and System Sciences (Print)	A2	Atualizada em 2012
1000-9000	Journal of Computer Science and Technology	B2	Atualizada em 2012
1666-6038	Journal of Computer Science and Technology (La Plata. En línea)	B2	Atualizada em 2012
1549-3636	Journal of Computer Sciences	B3	Atualizada em 2012
0928-1045	Journal of Computer-Aided Materials Design	B1	Atualizada em 2012
1573-4951	Journal of Computer-Aided Molecular Design (Dordrecht. Online)	A1	Atualizada em 2012
1796-203X	Journal of Computers	B4	Atualizada em 2012
1530-9827	Journal of Computing and Information Science in Engineering	B2	Atualizada em 2012
0887-3801	Journal of Computing in Civil Engineering	B1	Atualizada em 2012
1976-4677	Journal of Computing Science and Engineering (Seoul)	B4	Atualizada em 2012
1975-9320	Journal of Convergence Information Technology (Gyeongju)	B4	Atualizada em 2012
0944-6532	Journal of Convex Analysis	B1	Atualizada em 2012
1432-1378	Journal of Cryptology (Internet)	A2	Atualizada em 2012
1296-2074	Journal of Cultural Heritage	B2	Atualizada em 2012
1680-743X	Journal of Data Science (Print)	B5	Atualizada em 2012
1533-8010	Journal of Database Management (Online)	B2	Atualizada em 2012
1246-0125	Journal of Decision Systems	B5	Atualizada em 2012
0897-1889	Journal of Digital Imaging	B1	Atualizada em 2012
1618-727X	Journal of Digital Imaging (Internet)	B1	Atualizada em 2012
0972-7272	Journal of Digital Information Management	B5	Atualizada em 2012
1570-8667	Journal of Discrete Algorithms (Print)	B3	Atualizada em 2012
1943-7978	Journal of Education, Informatics and Cybernetics	B5	Atualizada em 2012
1881-4581	Journal of Ehealth Technology and Application	B5	Atualizada em 2012
0374-3535	Journal of Elasticity	B2	Atualizada em 2012
1017-9909	Journal of Electronic Imaging (Print)	A2	Atualizada em 2012
0923-8174	Journal of Electronic Testing	B2	Atualizada em 2012
1573-0727	Journal of Electronic Testing (Dordrecht. Online)	B2	Atualizada em 2012
1229-425X	Journal of Electronics and Computer Science - Kawandong University	B4	Atualizada em 2012
1740-4460	Journal of Embedded Computing	B3	Atualizada em 2012
1798-0461	Journal of Emerging Technologies in Web Intelligence	B4	Atualizada em 2012
0378-8741	Journal of Ethnopharmacology	B1	Atualizada em 2012
1362-3079	Journal of Experimental and Theoretical Artificial Intelligence (Online)	B2	Atualizada em 2012
0952-813X	Journal of Experimental and Theoretical Artificial Intelligence (Print)	B2	Atualizada em 2012
1098-612X	Journal of Feline Medicine and Surgery	B2	Atualizada em 2012
1556-4959	Journal of Field Robotics	A1	Atualizada em 2012
1972-5787	Journal of Formalized Reasoning	B4	Atualizada em 2012
1469-7653	Journal of Functional Programming (Online)	B1	Atualizada em 2012
0148-0227	Journal of Geophysical Research	B1	Atualizada em 2012
0925-5001	Journal of Global Optimization	A2	Atualizada em 2012
1573-2916	Journal of Global Optimization (Dordrecht. Online)	A2	Atualizada em 2012
1097-0118	Journal of Graph Theory (Online)	B1	Atualizada em 2012
0364-9024	Journal of Graph Theory (Print)	B1	Atualizada em 2012
1570-7873	Journal of Grid Computing	B1	Atualizada em 2012
2175-4411	Journal of Health Informatics	B5	Atualizada em 2012
1381-1231	Journal of Heuristics	A2	Atualizada em 2012
1572-9397	Journal of Heuristics (Dordrecht. Online)	A2	Atualizada em 2012
0926-6801	Journal of High Speed Networks	B3	Atualizada em 2012
1465-1734	Journal of Hydroinformatics (Online)	B3	Atualizada em 2012
1735-5702	Journal of Industrial Engineering International	C	Atualizada em 2012
2178-7107	Journal of Information and Data Management - JIDM	B3	Atualizada em 2012
1554-1010	Journal of Information Assurance and Security	B3	Atualizada em 2012
1976-913X	Journal of Information Processing Systems	B4	Atualizada em 2012
0165-5515	Journal of Information Science	B1	Atualizada em 2012
1016-2364	Journal of Information Science and Engineering	B2	Atualizada em 2012
1466-4437	Journal of Information Technology (Online)	B1	Atualizada em 2012
1751-1577	Journal of Informatrics	B2	Atualizada em 2012
1064-1246	Journal of Intelligent & Fuzzy Systems	B2	Atualizada em 2012
0921-0296	Journal of Intelligent & Robotic Systems	B1	Atualizada em 2012
1573-0409	Journal of Intelligent & Robotic Systems (Dordrecht. Online)	B1	Atualizada em 2012
0925-9902	Journal of Intelligent Information Systems	B1	Atualizada em 2012
1573-7675	Journal of Intelligent Information Systems (Dordrecht. Online)	B1	Atualizada em 2012
1572-8145	Journal of Intelligent Manufacturing (Dordrecht. Online)	B1	Atualizada em 2012
1791-177X	Journal of Internet Engineering	B5	Atualizada em 2012
1867-4828	Journal of Internet Services and Applications	B4	Atualizada em 2012
0733-8724	Journal of Lightwave Technology (Print)	B1	Atualizada em 2012
1567-8326	Journal of Logic and Algebraic Programming	B1	Atualizada em 2012
1465-363X	Journal of Logic and Computation (Online)	B1	Atualizada em 2012
0955-792X	Journal of Logic and Computation (Print)	B1	Atualizada em 2012
0925-8531	Journal of Logic, Language and Information	B2	Atualizada em 2012
0950-4230	Journal of Loss Prevention in the Process Industries	B2	Atualizada em 2012
1546-1998	Journal of Low Power Electronics (Print)	B2	Atualizada em 2012
1532-4435	Journal of Machine Learning Research	A1	Atualizada em 2012
1533-7928	Journal of Machine Learning Research (Online)	A1	Atualizada em 2012
0742-1222	Journal of Management Information Systems	A1	Atualizada em 2012
0924-0136	Journal of Materials Processing Technology	B2	Atualizada em 2012
1096-0813	Journal of Mathematical Analysis and Applications (Online)	B2	Atualizada em 2012
0022-247X	Journal of Mathematical Analysis and Applications (Print)	B2	Atualizada em 2012
0303-6812	Journal of Mathematical Biology (Print)	B2	Atualizada em 2012
0924-9907	Journal of Mathematical Imaging and Vision	B1	Atualizada em 2012
1573-7683	Journal of Mathematical Imaging and Vision (Dordrecht. Online)	B1	Atualizada em 2012
0022-2488	Journal of Mathematical Physics	B2	Atualizada em 2012
1072-3374	Journal of Mathematical Sciences (New York, N.Y.)	B3	Atualizada em 2012
0146-6615	Journal of Medical Virology (Print)	B2	Atualizada em 2012
1516-7399	Journal of Microwaves and Optoelectronics	B3	Atualizada em 2012
0022-2836	Journal of Molecular Biology	B1	Atualizada em 2012
1093-3263	Journal of Molecular Graphics & Modelling	A2	Atualizada em 2012
0948-5023	Journal of Molecular Modeling (Online)	B2	Atualizada em 2012
1610-2940	Journal of Molecular Modeling (Print)	B2	Atualizada em 2012
1796-2048	Journal of Multimedia	B4	Atualizada em 2012
1542-3980	Journal of Multiple-Valued Logic and Soft Computing	B3	Atualizada em 2012
0047-259X	Journal of Multivariate Analysis	B2	Atualizada em 2012
1095-7243	Journal of Multivariate Analysis (Online)	B2	Atualizada em 2012
1084-8045	Journal of Network and Computer Applications	B1	Atualizada em 2012
1095-8592	Journal of Network and Computer Applications (Online)	B1	Atualizada em 2012
1064-7570	Journal of Network and Systems Management	B3	Atualizada em 2012
1796-2056	Journal of Networks	B4	Atualizada em 2012
0165-0270	Journal of Neuroscience Methods	B2	Atualizada em 2012
0929-8215	Journal of New Music Research	B3	Atualizada em 2012
2092-8637	Journal of Next Generation Information Technology	B5	Atualizada em 2012
0377-0257	Journal of Non-Newtonian Fluid Mechanics (Print)	B2	Atualizada em 2012
1048-5252	Journal of Nonparametric Statistics (Print)	B3	Atualizada em 2012
0022-3131	Journal of Nuclear Science and Technology	B2	Atualizada em 2012
1660-1769	Journal of Object Technology	B2	Atualizada em 2012
1943-0620	Journal of Optical Communications and Networking (Print)	B1	Atualizada em 2012
0022-3239	Journal of Optimization Theory and Applications	A2	Atualizada em 2012
1573-2878	Journal of Optimization Theory and Applications (Dordrecht. Online)	A2	Atualizada em 2012
1532-7744	Journal of Organizational Computing and Electronic Commerce (Online)	B2	Atualizada em 2012
1096-0848	Journal of Parallel and Distributed Computing (Online)	A2	Atualizada em 2012
0743-7315	Journal of Parallel and Distributed Computing (Print)	A2	Atualizada em 2012
1558-884X	Journal of Pattern Recognition Research	B4	Atualizada em 2012
0920-4105	Journal of Petroleum Science & Engineering	B2	Atualizada em 2012
0022-3611	Journal of Philosophical Logic	B3	Atualizada em 2012
1751-8113	Journal of Physics. A, Mathematical and Theoretical (Print)	B2	Atualizada em 2012
1742-6596	Journal of Physics. Conference Series (Online)	B2	Atualizada em 2012
1535-3907	Journal of Proteome Research (Online)	B2	Atualizada em 2012
1874-3919	Journal of Proteomics (Print)	B2	Atualizada em 2012
0022-4049	Journal of Pure and Applied Algebra (Print)	B2	Atualizada em 2012
0022-4065	Journal of Quality Technology	B2	Atualizada em 2012
1443-458X	Journal of Research and Practice in Information Technology	B3	Atualizada em 2012
1752-8887	Journal of Risk Management in Financial Institutions (Print)	C	Atualizada em 2012
1094-6136	Journal of Scheduling	B1	Atualizada em 2012
1939-8018	Journal of Signal Processing Systems for Signal, Image, and Video Technology	B1	Atualizada em 2012
1939-8115	Journal of Signal Processing Systems for Signal, Image, and Video Technology (Online)	B1	Atualizada em 2012
1796-217X	Journal of Software	B4	Atualizada em 2012
1532-0618	Journal of Software Maintenance and Evolution	B2	Atualizada em 2012
1532-060X	Journal of Software Maintenance and Evolution (Print)	B2	Atualizada em 2012
0928-0707	Journal of Sol-Gel Science and Technology	B2	Atualizada em 2012
1303-2968	Journal of Sports Science and Medicine	B3	Atualizada em 2012
0094-9655	Journal of Statistical Computation and Simulation (Print)	B1	Atualizada em 2012
1742-5468	Journal of Statistical Mechanics	B2	Atualizada em 2012
0378-3758	Journal of Statistical Planning and Inference (Print)	B2	Atualizada em 2012
1548-7660	Journal of statistical software	A1	Atualizada em 2012
1538-7887	Journal of Statistical Theory and Applications	B5	Atualizada em 2012
0963-8687	Journal of Strategic Information Systems	A1	Atualizada em 2012
0920-8542	Journal of Supercomputing	B3	Atualizada em 2012
0747-7171	Journal of Symbolic Computation	B1	Atualizada em 2012
1095-855X	Journal of Symbolic Computation (Online)	B1	Atualizada em 2012
1383-7621	Journal of Systems Architecture	B1	Atualizada em 2012
1067-5027	Journal of the American Medical Informatics Association	A1	Atualizada em 2012
1532-2890	Journal of The American Society For Information Science and Technology (Online)	A1	Atualizada em 2012
1532-2882	Journal of the American Society for Information Science and Technology (Print)	A1	Atualizada em 2012
1933-1711	Journal of the American Society of Hypertension	B2	Atualizada em 2012
0004-5411	Journal of the Association for Computing Machinery	A1	Atualizada em 2012
1808-3331	Journal of the Brazilian Air Transportation Research Society	B5	Atualizada em 2012
0104-6500	Journal of the Brazilian Computer Society (Impresso)	B2	Atualizada em 2012
1678-4804	Journal of The Brazilian Computer Society (Online)	B2	Atualizada em 2012
1678-5878	Journal of the Brazilian Society of Mechanical Sciences and Engineering (Impresso)	C	Atualizada em 2012
1226-3192	Journal of the Korean Statistical Society	B4	Atualizada em 2012
0160-5682	Journal of the Operational Research Society	B1	Atualizada em 2012
1084-7529	Journal of the Optical Society of America. A, Optics, Image Science, and Vision	A2	Atualizada em 2012
0970-1249	Journal of the Ramanujan Mathematical Society	B3	Atualizada em 2012
0022-5193	Journal of Theoretical Biology	B2	Atualizada em 2012
0742-4787	Journal of Tribology	B4	Atualizada em 2012
0948-6968	Journal of Universal Computer Science (Online)	B1	Atualizada em 2012
0948-695X	Journal of Universal Computer Science (Print)	B1	Atualizada em 2012
1047-3203	Journal of Visual Communication and Image Representation (Print)	B1	Atualizada em 2012
1045-926X	Journal of Visual Languages and Computing	B1	Atualizada em 2012
1095-8533	Journal of Visual Languages and Computing (Online)	B1	Atualizada em 2012
1875-8975	Journal of Visualization (Online)	B3	Atualizada em 2012
1540-9589	Journal of Web Engineering	B3	Atualizada em 2012
1570-8268	Journal of Web Semantics	A1	Atualizada em 2012
1673-565X	Journal of Zhejiang University. Science A (Print)	C	Atualizada em 2012
1861-2032	Journal on Data Semantics (Print)	B3	Atualizada em 2012
1383-469X	Journal on Special Topics in Mobile Networks and Applications	B2	Atualizada em 2012
0972-415X	JP Journal of Geometry and Topology	B4	Atualizada em 2012
1983-0122	Justributário (Fortaleza)	C	Atualizada em 2012
0219-3116	Knowledge and Information Systems (electronic resource)	A2	Atualizada em 2012
0219-1377	Knowledge and Information Systems (Print)	A2	Atualizada em 2012
1469-8005	Knowledge Engineering Review (Online)	B1	Atualizada em 2012
2073-7904	Knowledge Management & E-Learning: An International Journal	B5	Atualizada em 2012
0950-7051	Knowledge-Based Systems	B1	Atualizada em 2012
1226-119X	Korea-Australia Rheology Journal	B2	Atualizada em 2012
0368-492X	Kybernetes	B2	Atualizada em 2012
0023-5954	Kybernetika (Praha)	C	Atualizada em 2012
1646-5237	Laboreal (Porto. Online)	C	Atualizada em 2012
1574-020X	Language Resources and Evaluation	B3	Atualizada em 2012
0102-1907	Laranja	C	Atualizada em 2012
1054-660X	Laser Physics	B2	Atualizada em 2012
1097-8526	Latin American Business Review (Binghamton, N.Y.)	C	Atualizada em 2012
1679-7817	Latin American Journal of Solids and Structures (Impresso)	B4	Atualizada em 2012
1676-2789	Learning and Nonlinear Models	B5	Atualizada em 2012
1438-0625	Learning Technology Newsletter	B5	Atualizada em 2012
0302-9743	Lecture Notes in Computer Science	C	Atualizada em 2012
1876-1100	Lecture Notes in Electrical Engineering (Print)	C	Atualizada em 2012
1380-7870	Lifetime Data Analysis	B3	Atualizada em 2012
1808-3536	Liinc em Revista	C	Atualizada em 2012
0024-3795	Linear Algebra and its Applications	B2	Atualizada em 2012
1647-0818	Linguamática (Braga)	B5	Atualizada em 2012
1981-6804	Locus Científico (ANPROTEC. Online)	C	Atualizada em 2012
1981-6790	Locus Científico (Impresso)	C	Atualizada em 2012
1368-9894	Logic Journal of the IGPL (Online)	B3	Atualizada em 2012
1367-0751	Logic Journal of the IGPL (Print)	B3	Atualizada em 2012
1661-8297	Logica Universalis (Print)	B3	Atualizada em 2012
0103-7501	Logos (Canoas)	C	Atualizada em 2012
1573-0565	Machine Learning (Dordrecht. Online)	A1	Atualizada em 2012
0922-6567	Machine Translation	B1	Atualizada em 2012
0932-8092	Machine Vision and Applications	B1	Atualizada em 2012
1432-1769	Machine Vision and Applications (Internet)	B1	Atualizada em 2012
0276-7783	Management Information Systems Quarterly	A1	Atualizada em 2012
0025-1909	Management Science	B2	Atualizada em 2012
0205-3217	Mathematica Balkanica (Sofiâ)	C	Atualizada em 2012
0895-7177	Mathematical and Computer Modelling	A2	Atualizada em 2012
1387-3954	Mathematical and Computer Modelling of Dynamical Systems	B3	Atualizada em 2012
0170-4214	Mathematical Methods in the Applied Sciences	B1	Atualizada em 2012
1099-1476	Mathematical Methods in the Applied Sciences (Online)	B1	Atualizada em 2012
1432-2994	Mathematical Methods of Operations Research (Heidelberg)	B2	Atualizada em 2012
1024-123X	Mathematical Problems in Engineering (Print)	B3	Atualizada em 2012
0025-5610	Mathematical Programming	A1	Atualizada em 2012
1867-2949	Mathematical Programming Computation	B3	Atualizada em 2012
1469-8072	Mathematical Structures in Computer Science	B2	Atualizada em 2012
0378-4754	Mathematics and Computers in Simulation (Print)	B1	Atualizada em 2012
0025-5718	Mathematics of Computation	A2	Atualizada em 2012
1088-6842	Mathematics of Computation (Online)	A2	Atualizada em 2012
1526-5471	Mathematics of Operations Research (Online)	A2	Atualizada em 2012
1134-5632	Mathware & Soft Computing	B3	Atualizada em 2012
1666-6070	Mecánica Computacional	C	Atualizada em 2012
0957-4158	Mechatronics (Oxford)	A2	Atualizada em 2012
0140-0118	Medical & Biological Engineering & Computing	A2	Atualizada em 2012
1350-4533	Medical Engineering & Physics	B2	Atualizada em 2012
1361-8415	Medical Image Analysis (Print)	A1	Atualizada em 2012
0094-2405	Medical Physics (Lancaster)	B1	Atualizada em 2012
0074-0276	Memórias do Instituto Oswaldo Cruz (Impresso)	B2	Atualizada em 2012
0026-1270	Methods of Information in Medicine	B1	Atualizada em 2012
0860-8229	Metrologia i Systemy Pomiarowe / Metrology and Measuring Systems	B4	Atualizada em 2012
0026-2714	Microelectronics and Reliability	A2	Atualizada em 2012
0959-8324	Microelectronics Journal	B1	Atualizada em 2012
0141-9331	Microprocessors and Microsystems	B2	Atualizada em 2012
1572-8641	Minds and Machines	B3	Atualizada em 2012
1572-8153	Mobile Networks and Applications	A2	Atualizada em 2012
1890-1328	Modeling, Identification and Control (Online): a Norwegian research bulletin	C	Atualizada em 2012
0166-6851	Molecular and Biochemical Parasitology (Print)	B2	Atualizada em 2012
0301-4851	Molecular Biology Reports	B2	Atualizada em 2012
0894-0282	Molecular Plant-Microbe Interactions	B1	Atualizada em 2012
1517-199X	Movendo Idéias (UNAMA)	C	Atualizada em 2012
1086-6655	MPEJ (Austin, Tex.)	C	Atualizada em 2012
0923-6082	Multidimensional Systems and Signal Processing	B2	Atualizada em 2012
1573-0824	Multidimensional Systems and Signal Processing (Online)	B2	Atualizada em 2012
0942-4962	Multimedia Systems	A2	Atualizada em 2012
1432-1882	Multimedia Systems (Online)	A2	Atualizada em 2012
1380-7501	Multimedia Tools and Applications	B2	Atualizada em 2012
0954-898X	Network (Bristol. Print)	B1	Atualizada em 2012
1361-6536	Network (London, 1990)	B1	Atualizada em 2012
1097-0037	Networks (New York Online)	B1	Atualizada em 2012
0028-3045	Networks (New York, N.Y. Print)	B1	Atualizada em 2012
0899-7667	Neural Computation	A1	Atualizada em 2012
1530-888X	Neural Computation (Online)	A1	Atualizada em 2012
1433-3058	Neural Computing & Applications (Internet)	B2	Atualizada em 2012
0941-0643	Neural Computing & Applications (Print)	B2	Atualizada em 2012
1210-0552	Neural Network World (Prague)	B3	Atualizada em 2012
0893-6080	Neural Networks	A1	Atualizada em 2012
1370-4621	Neural Processing Letters	B1	Atualizada em 2012
1573-773X	Neural Processing Letters (Online)	B1	Atualizada em 2012
0925-2312	Neurocomputing (Amsterdam)	A1	Atualizada em 2012
1539-2791	Neuroinformatics (Totowa)	A1	Atualizada em 2012
0288-3635	New Generation Computing	B2	Atualizada em 2012
1367-2630	New Journal of Physics	B1	Atualizada em 2012
1361-4568	New Review of Hypermedia and Multimedia	B3	Atualizada em 2012
0362-546X	Nonlinear Analysis	B2	Atualizada em 2012
1092-0277	North American Actuarial Journal	B3	Atualizada em 2012
0029-4527	Notre Dame Journal of Formal Logic	A2	Atualizada em 2012
0211-2124	Novática	C	Atualizada em 2012
0168-583X	Nuclear Instruments & Methods in Physics Research. Section B, Beam Interactions with Materials and Atoms (Print)	B2	Atualizada em 2012
0305-1048	Nucleic Acids Research	B1	Atualizada em 2012
1362-4962	Nucleic Acids Research (Online)	B1	Atualizada em 2012
1017-1398	Numerical Algorithms	B1	Atualizada em 2012
1070-5325	Numerical Linear Algebra with Applications	A2	Atualizada em 2012
0104-6675	O Que nos Faz Pensar (PUCRJ)	C	Atualizada em 2012
0964-5691	Ocean & Coastal Management	B2	Atualizada em 2012
1536-2310	OMICS: Journal of Integrative Biology	B2	Atualizada em 2012
1468-4535	Online Information Review	B2	Atualizada em 2012
1793-7191	Open Systems and Information Dynamics	B3	Atualizada em 2012
0163-5980	Operating Systems Review	B1	Atualizada em 2012
0030-364X	Operations Research	A1	Atualizada em 2012
0167-6377	Operations Research Letters	B1	Atualizada em 2012
0091-3286	Optical Engineering (Bellingham. Print)	B2	Atualizada em 2012
1573-4277	Optical Switching and Networking (Print)	B1	Atualizada em 2012
1094-4087	Optics Express	B1	Atualizada em 2012
1029-4945	Optimization (Online)	B2	Atualizada em 2012
0233-1934	Optimization (Print)	B2	Atualizada em 2012
1862-4472	Optimization Letters (Print)	B1	Atualizada em 2012
1055-6788	Optimization Methods & Software (Print)	B1	Atualizada em 2012
1029-4937	Optimization Methods and Software (Online)	B1	Atualizada em 2012
1085-1038	OR/MS Today (Baltimore)	C	Atualizada em 2012
1981-9803	P&D: Revista Pesquisa e Desenvolvimento da Aneel	C	Atualizada em 2012
1349-8169	Pacific journal of optimization (Online)	B3	Atualizada em 2012
1348-9151	Pacific Journal of Optimization (Print)	B3	Atualizada em 2012
1852-4249	Papers in Physics	C	Atualizada em 2012
0167-8191	Parallel Computing	A2	Atualizada em 2012
0129-6264	Parallel Processing Letters	B2	Atualizada em 2012
1433-755X	Pattern Analysis and Applications	B1	Atualizada em 2012
1433-7541	Pattern Analysis and Applications (Print)	B1	Atualizada em 2012
0031-3203	Pattern Recognition	A1	Atualizada em 2012
1054-6618	Pattern Recognition and Image Analysis	B3	Atualizada em 2012
0167-8655	Pattern Recognition Letters	A1	Atualizada em 2012
1936-6442	Peer-to-Peer Networking and Applications (Print)	B4	Atualizada em 2012
0166-5316	Performance Evaluation	A2	Atualizada em 2012
0163-5999	Performance Evaluation Review	B1	Atualizada em 2012
1617-4909	Personal and Ubiquitous Computing (Print)	B1	Atualizada em 2012
0101-7438	Pesquisa Operacional (Impresso)	B3	Atualizada em 2012
0100-736X	Pesquisa Veterinária Brasileira (Impresso)	B3	Atualizada em 2012
0101-5397	Petro & Química	C	Atualizada em 2012
1364-503X	Philosophical Transactions - Royal Society. Mathematical, Physical and Engineering Sciences (Print)	B2	Atualizada em 2012
2210-5433	Philosophy & Technology	B5	Atualizada em 2012
1549-5418	Photomedicine and Laser Surgery	B2	Atualizada em 2012
1387-974X	Photonic Network Communications	B2	Atualizada em 2012
0378-4371	Physica. A (Print)	B2	Atualizada em 2012
0921-4526	Physica. B, Condensed Matter (Print)	B2	Atualizada em 2012
0167-2789	Physica. D, Nonlinear Phenomena (Print)	B2	Atualizada em 2012
1050-2947	Physical Review. A	B2	Atualizada em 2012
1539-3755	Physical Review. E, Statistical, Nonlinear, and Soft Matter Physics (Print)	B1	Atualizada em 2012
0375-9601	Physics Letters. A (Print)	B1	Atualizada em 2012
1571-0645	Physics of Life Reviews (Print)	B1	Atualizada em 2012
1070-664X	Physics of Plasmas	B2	Atualizada em 2012
0967-3334	Physiological Measurement (Print)	B2	Atualizada em 2012
0031-949X	Phytopathology	B2	Atualizada em 2012
0721-7714	Plant Cell Reports (Print)	B1	Atualizada em 2012
1009-0630	Plasma Science & Technology	B4	Atualizada em 2012
1932-6203	Plos One	A1	Atualizada em 2012
1981-6766	PontodeAcesso (UFBA)	C	Atualizada em 2012
0304-4289	Pramana (Bangalore)	B2	Atualizada em 2012
2176-4859	Prefácio Online	C	Atualizada em 2012
1531-3263	Presence	B2	Atualizada em 2012
1054-7460	Presence (Cambridge, Mass.)	B2	Atualizada em 2012
1877-0509	Procedia Computer Science	C	Atualizada em 2012
0002-9939	Proceedings of the American Mathematical Society	B2	Atualizada em 2012
0018-9219	Proceedings of the IEEE	A1	Atualizada em 2012
0959-6518	Proceedings of the Institution of Mechanical Engineers. Part I, Journal of Systems and Control Engineering	B2	Atualizada em 2012
0024-6115	Proceedings of the London Mathematical Society (Print)	B2	Atualizada em 2012
0027-8424	Proceedings of the National Academy of Sciences of the United States of America	A1	Atualizada em 2012
2150-8097	Proceedings of the VLDB Endowment	A1	Atualizada em 2012
0103-6513	Produção (São Paulo. Impresso)	C	Atualizada em 2012
0033-0337	Program (London. 1966)	B3	Atualizada em 2012
1608-3261	Programming and Computer Software (Online)	B3	Atualizada em 2012
0149-1970	Progress in Nuclear Energy (New Series)	B2	Atualizada em 2012
0375-9687	Progress of Theoretical Physics. Supplement	B2	Atualizada em 2012
1807-5061	ProQuality (UFLA)	C	Atualizada em 2012
1477-5956	Proteome Science	B3	Atualizada em 2012
1413-8557	Psicologia Escolar e Educacional (Impresso)	C	Atualizada em 2012
1870-350X	Psicologia para América Latina (Online)	C	Atualizada em 2012
1611-020X	QSAR & Combinatorial Science (Print)	A2	Atualizada em 2012
1469-7688	Quantitative Finance (Print)	B3	Atualizada em 2012
1533-7146	Quantum Information & Computation	A1	Atualizada em 2012
0033-569X	Quarterly of Applied Mathematics	B2	Atualizada em 2012
1572-9443	Queueing Systems (Online)	B1	Atualizada em 2012
0100-4042	Química Nova (Impresso)	B2	Atualizada em 2012
0104-8899	Química Nova na Escola (Impresso)	C	Atualizada em 2012
2178-7638	RACEF - Revista de Administração, Contabilidade e Economia da FUNDACE	C	Atualizada em 2012
1676-5648	RAE Eletrônica (Online)	B5	Atualizada em 2012
0399-0559	RAIRO. Recherche Opérationnelle	B3	Atualizada em 2012
1518-6776	RAM. Revista de Administração Mackenzie (Impresso)	C	Atualizada em 2012
1042-9832	Random Structures & Algorithms (Print)	B1	Atualizada em 2012
1677-4043	Razão e Fé	C	Atualizada em 2012
0100-3984	RB. Radiologia Brasileira (Impresso)	C	Atualizada em 2012
1808-7647	RCA. Revista de Controle e Administração	C	Atualizada em 2012
1096-116X	Real-Time Imaging (Online)	A2	Atualizada em 2012
1077-2014	Real-Time Imaging (Print)	A2	Atualizada em 2012
1573-1383	Real-Time Systems (Online)	B1	Atualizada em 2012
2176-7998	ReCeT: Revista de Computação e Tecnologia da PUC-SP	C	Atualizada em 2012
1981-6286	RECIIS. Electronic Journal of Communication Information and Innovation in Health (English edition. Online)	C	Atualizada em 2012
1981-6278	RECIIS. Revista Eletrônica de Comunicação, Informação & Inovação em Saúde (Edição em Português. Online)	C	Atualizada em 2012
1537-6443	Refractories Applications and News	C	Atualizada em 2012
1984-7866	Regrad. Revista Eletrônica de Graduação do Univem	C	Atualizada em 2012
0951-8320	Reliability Engineering & Systems Safety	B2	Atualizada em 2012
2172-038X	Renewable Energy and Power Quality Journal	C	Atualizada em 2012
1679-1916	RENOTE. Revista Novas Tecnologias na Educação	B5	Atualizada em 2012
1432-010X	Requirements Engineering	B1	Atualizada em 2012
0947-3602	Requirements Engineering (London. Print)	B1	Atualizada em 2012
1677-3071	RESI : Revista Eletrônica de Sistemas de Informação	B4	Atualizada em 2012
0101-0964	Revista ANPEC	C	Atualizada em 2012
0100-0691	Revista Brasileira de Biblioteconomia e Documentação (Impresso)	C	Atualizada em 2012
1983-0823	Revista Brasileira de Biometria	B5	Atualizada em 2012
1415-5400	Revista Brasileira de Ciências Criminais	C	Atualizada em 2012
2176-6649	Revista Brasileira de Computação Aplicada	B5	Atualizada em 2012
1413-6538	Revista Brasileira de Educação Especial	C	Atualizada em 2012
0034-7167	Revista Brasileira de Enfermagem (Impresso)	C	Atualizada em 2012
1517-3151	Revista Brasileira de Engenharia Biomédica (Impresso)	B4	Atualizada em 2012
0034-7175	Revista Brasileira de Estatística	B5	Atualizada em 2012
0102-3098	Revista Brasileira de Estudos de População (Impresso)	C	Atualizada em 2012
1679-0731	Revista Brasileira de Finanças (Impresso)	B5	Atualizada em 2012
2176-3275	Revista Brasileira de História da Ciência	C	Atualizada em 2012
1414-5685	Revista Brasileira de Informática na Educação	B3	Atualizada em 2012
0102-7786	Revista Brasileira de Meteorologia (Impresso)	C	Atualizada em 2012
0034-7299	Revista Brasileira de Otorrinolaringologia (Impresso)	B2	Atualizada em 2012
1806-9312	Revista Brasileira de Otorrinolaringologia (Online)	B2	Atualizada em 2012
1516-4446	Revista Brasileira de Psiquiatria (São Paulo. 1999. Impresso)	B2	Atualizada em 2012
2175-0858	Revista Brasileira de Qualidade de Vida	C	Atualizada em 2012
1983-4217	Revista Brasileira de Redes de Computadores e Sistemas Distribuídos	B4	Atualizada em 2012
1806-9290	Revista Brasileira de Zootecnia (Online)	C	Atualizada em 2012
1516-3598	Revista Brasileira de Zootecnia / Brazilian Journal of Animal Science	C	Atualizada em 2012
1516-4071	Revista Científica do Centro Universitário de Barra Mansa	C	Atualizada em 2012
1983-3997	Revista Científica Tecnologus	C	Atualizada em 2012
1657-2831	Revista Colombiana de Computacion	C	Atualizada em 2012
1518-2630	Revista da ABEM	C	Atualizada em 2012
1678-1805	Revista da ABRALIN	C	Atualizada em 2012
0080-6234	Revista da Escola de Enfermagem da USP (Impresso)	C	Atualizada em 2012
1678-9172	Revista da FA7	C	Atualizada em 2012
1982-2537	Revista da Micro e Pequena Empresa (FACCAMP)	C	Atualizada em 2012
0102-986X	Revista da Sociedade Brasileira de Telecomunicações	B4	Atualizada em 2012
0034-7612	Revista de Administração Pública (Impresso)	C	Atualizada em 2012
1678-8435	Revista de Engenharia de Computação e Sistemas Digitais (Impresso)	B5	Atualizada em 2012
1809-2640	Revista de Gestão da Tecnologia e Sistemas de Informação (Impresso)	C	Atualizada em 2012
1807-1775	Revista de Gestão da Tecnologia e Sistemas de Informação (Online)	C	Atualizada em 2012
1809-5585	Revista de Informática Aplicada	C	Atualizada em 2012
0103-4308	Revista de Informática Teórica e Aplicada (Impresso)	B4	Atualizada em 2012
2175-2745	Revista de Informática Teórica e Aplicada: RITA	B4	Atualizada em 2012
1516-7798	Revista de Iniciação Científica (USP )	C	Atualizada em 2012
1413-4438	Revista de Psicanálise da Sociedade Psicanalítica de Porto Alegre	C	Atualizada em 2012
0034-8910	Revista de Saúde Pública (Impresso)	C	Atualizada em 2012
1983-5604	Revista de Sistemas de Informação da FSMA	B5	Atualizada em 2012
1806-910X	Revista Direito Empresarial (Curitiba)	C	Atualizada em 2012
0104-8368	Revista do Arquivo Publico Mineiro	C	Atualizada em 2012
1415-2061	Revista do CCEI	B5	Atualizada em 2012
2178-0277	Revista do Programa Brasileiro da Qualidade e Produtividade em Software	B5	Atualizada em 2012
1983-2664	Revista Educaonline	C	Atualizada em 2012
1519-8219	Revista Eletrônica de Iniciação Científica	B5	Atualizada em 2012
1807-8281	Revista Eletrônica Informação e Cognição	C	Atualizada em 2012
1808-0448	Revista Gestão Industrial	C	Atualizada em 2012
1548-0992	Revista IEEE América Latina	B5	Atualizada em 2012
1984-6193	Revista Ingepro : Inovação, Gestão e Produção	C	Atualizada em 2012
0104-1169	Revista Latino-Americana de Enfermagem (USP. Ribeirão Preto. Impresso)	C	Atualizada em 2012
1518-8043	Revista Liberato (Novo Hamburgo)	C	Atualizada em 2012
1984-9508	Revista Multidisciplinar FAP Episteme (Impresso)	C	Atualizada em 2012
0102-9460	Revista Odonto Ciência (PUCRS. Impresso)	C	Atualizada em 2012
1676-1901	Revista Produção Online	C	Atualizada em 2012
1870-4115	Revista Pueblos y Frontera Digital	C	Atualizada em 2012
1809-3957	Revista SODEBRAS	C	Atualizada em 2012
0101-8191	Revista Tecnologia (UNIFOR)	C	Atualizada em 2012
1517-8048	Revista Tecnológica (UEM)	C	Atualizada em 2012
1677-9037	Revista UFG (Impresso)	C	Atualizada em 2012
1645-6726	Revstat Statistical Journal	B3	Atualizada em 2012
0992-499X	Revue d'Intelligence Artificielle	B5	Atualizada em 2012
1965-0906	Revue TAL	C	Atualizada em 2012
1646-9895	RISTI (Porto)	C	Atualizada em 2012
0263-5747	Robotica (Cambridge. Print)	B2	Atualizada em 2012
0921-8890	Robotics and Autonomous Systems (Print)	A2	Atualizada em 2012
0736-5845	Robotics and Computer-Integrated Manufacturing	A2	Atualizada em 2012
1807-1147	RPA Brasil (Maringá)	C	Atualizada em 2012
1514-6774	SADIO Electronic Journal of Informatics and Operations Research	B5	Atualizada em 2012
1062-936X	SAR and QSAR in Environmental Research (Print)	B2	Atualizada em 2012
1895-1767	Scalable Computing. Practice and Experience	B5	Atualizada em 2012
1009-2757	Science in China. Series F, Information Sciences	B5	Atualizada em 2012
0167-6423	Science of Computer Programming (Print)	B1	Atualizada em 2012
1980-2145	Science of Computing	B5	Atualizada em 2012
0104-1770	Scientia (UNISINOS)	C	Atualizada em 2012
1808-2793	Scientia Plena	C	Atualizada em 2012
1588-2861	Scientometrics (Online)	A2	Atualizada em 2012
0138-9130	Scientometrics (Print)	A2	Atualizada em 2012
2178-8324	Segurança, Justiça e Cidadania: Pesquisas Aplicadas em Segurança Pública	C	Atualizada em 2012
1570-0844	Semantic Web: interoperability, usability, applicability	B4	Atualizada em 2012
1676-5451	Semina. Ciências Exatas e Tecnológicas (Impresso)	C	Atualizada em 2012
0037-1998	Semiotica (Berlin)	B2	Atualizada em 2012
1726-5479	Sensors & Transducers	C	Atualizada em 2012
1424-8220	Sensors (Basel)	A2	Atualizada em 2012
0925-4005	Sensors and Actuators. B, Chemical	B1	Atualizada em 2012
0927-6947	Set-Valued Analysis	B2	Atualizada em 2012
1095-7111	SIAM Journal on Computing	A1	Atualizada em 2012
0097-5397	SIAM Journal on Computing (Print)	A1	Atualizada em 2012
1095-7138	SIAM Journal on Control and Optimization	A2	Atualizada em 2012
0363-0129	SIAM Journal on Control and Optimization (Print)	A2	Atualizada em 2012
1095-7146	SIAM Journal on Discrete Mathematics	B1	Atualizada em 2012
0895-4801	SIAM Journal on Discrete Mathematics (Print)	B1	Atualizada em 2012
1095-7170	SIAM Journal on Numerical Analysis (Online)	A1	Atualizada em 2012
1095-7189	SIAM Journal on Optimization	A1	Atualizada em 2012
1052-6234	SIAM Journal on Optimization (Print)	A1	Atualizada em 2012
1095-7197	SIAM Journal on Scientific Computing (Online)	A1	Atualizada em 2012
1064-8275	SIAM Journal on Scientific Computing (Print)	A1	Atualizada em 2012
1096-3936	SIGCSE Bulletin Inroads	B4	Atualizada em 2012
0163-5808	SIGMOD Record	A1	Atualizada em 2012
0165-1684	Signal Processing (Print)	A1	Atualizada em 2012
1946-7729	SIGSPATIAL Special	B5	Atualizada em 2012
0037-5497	Simulation (San Diego, Calif.)	B3	Atualizada em 2012
1569-190X	Simulation Modelling Practice and Theory	B2	Atualizada em 2012
1879-1433	Simulation practice and theory (Online)	B3	Atualizada em 2012
0894-4393	Social Science Computer Review	B2	Atualizada em 2012
1517-4522	Sociologias (UFRGS. Impresso)	C	Atualizada em 2012
1433-7479	Soft Computing	B1	Atualizada em 2012
1619-1366	Software and Systems Modeling (Print)	B1	Atualizada em 2012
0163-5948	Software Engineering Notes	B4	Atualizada em 2012
1099-1670	Software Process Improvement and Practice (Online)	B2	Atualizada em 2012
1077-4866	Software Process Improvement and Practice (Print)	B2	Atualizada em 2012
0963-9314	Software Quality Journal	B2	Atualizada em 2012
1573-1367	Software Quality Journal (Online)	B2	Atualizada em 2012
0960-0833	Software Testing, Verification & Reliability	B1	Atualizada em 2012
1099-1689	Software Testing, Verification and Reliability	B1	Atualizada em 2012
0038-0644	Software, Practice & Experience (Print)	A2	Atualizada em 2012
1097-024X	Software: Practice and Experience	A2	Atualizada em 2012
0167-1987	Soil & Tillage Research	B2	Atualizada em 2012
0038-0938	Solar Physics	B2	Atualizada em 2012
1135-1349	Sorites (Madrid)	C	Atualizada em 2012
0167-6393	Speech Communication (Print)	A2	Atualizada em 2012
	SPIE Medical Imaging	C	Atualizada em 2012
1818-2259	SPIE Newsroom	C	Atualizada em 2012
1677-9185	SQL magazine	C	Atualizada em 2012
1932-1864	Statistical Analysis and Data Mining	B4	Atualizada em 2012
1932-1872	Statistical Analysis and Data Mining (Online)	B4	Atualizada em 2012
1572-3127	Statistical Methodology	B4	Atualizada em 2012
1618-2510	Statistical Methods & Applications	B4	Atualizada em 2012
0932-5026	Statistical Papers (1988)	B3	Atualizada em 2012
0167-7152	Statistics & Probability Letters	B2	Atualizada em 2012
0233-1888	Statistics (Berlin)	B3	Atualizada em 2012
1573-1375	Statistics and Computing (Online)	B1	Atualizada em 2012
0277-6715	Statistics in Medicine (Print)	B2	Atualizada em 2012
0736-2994	Stochastic Analysis and Applications (Print)	B4	Atualizada em 2012
1436-3240	Stochastic Environmental Research and Risk Assessment (Print)	B2	Atualizada em 2012
1615-1488	Structural and Multidisciplinary Optimization (Internet)	A2	Atualizada em 2012
1615-147X	Structural and Multidisciplinary Optimization (Print)	A2	Atualizada em 2012
0039-3215	Studia Logica	B2	Atualizada em 2012
0926-9630	Studies in Health Technology and Informatics	B2	Atualizada em 2012
0039-7857	Synthese (Dordrecht)	B2	Atualizada em 2012
1573-0964	Synthese (Dordrecht. Online)	B2	Atualizada em 2012
1415-8892	T & N Petróleo	C	Atualizada em 2012
1678-3824	T&C Amazônia	C	Atualizada em 2012
1055-4181	Technology and Disability	B2	Atualizada em 2012
1819-4575	Tecnología & Desarrollo (Trujillo)	C	Atualizada em 2012
1572-9451	Telecommunication Systems	B1	Atualizada em 2012
1018-4864	Telecommunications Systems	B1	Atualizada em 2012
1516-2338	Telecomunicações (Santa Rita do Sapucaí)	C	Atualizada em 2012
1677-1966	TEMA. Tendências em Matemática Aplicada e Computacional	B4	Atualizada em 2012
1577-3760	Textos de la Cibersociedad	C	Atualizada em 2012
0738-4602	The AI Magazine	A2	Atualizada em 2012
0002-9637	The American Journal of Tropical Medicine and Hygiene	B1	Atualizada em 2012
0002-9890	The American Mathematical Monthly	B2	Atualizada em 2012
	The Australasian Journal of Combinatorics	B4	Atualizada em 2012
1079-8986	The Bulletin of Symbolic Logic	B1	Atualizada em 2012
1077-8926	The Electronic Journal of Combinatorics	B2	Atualizada em 2012
1081-3810	The Electronic Journal of Linear Algebra	B3	Atualizada em 2012
1434-6028	The European Physical Journal. B, Condensed Matter Physics (Print)	B2	Atualizada em 2012
0256-6419	The FIEP Bulletin	C	Atualizada em 2012
1727-5997	The IEEE Intelligent Informatics Bulletin	B5	Atualizada em 2012
1809-9807	The International Journal of Forensic Computer Science (Impresso)	B5	Atualizada em 2012
1094-3420	The International Journal of High Performance Computing Applications	B1	Atualizada em 2012
1478-5951	The International Journal of Medical Robotics and Computer Assisted Surgery (Print)	B2	Atualizada em 2012
0278-3649	The International Journal of Robotics Research	A1	Atualizada em 2012
1076-9757	The Journal of Artificial Intelligence Research (Print)	A1	Atualizada em 2012
0021-9258	The Journal of Biological Chemistry (Print)	B1	Atualizada em 2012
0887-4417	The Journal of Computer Information Systems	B1	Atualizada em 2012
1126-6708	The Journal of High Energy Physics	B1	Atualizada em 2012
0163-4453	The Journal of Infection	B1	Atualizada em 2012
0897-3962	The Journal of Integral Equations and Applications	B5	Atualizada em 2012
0270-6474	The Journal of Neuroscience	B1	Atualizada em 2012
1465-1211	The Journal of Risk	B2	Atualizada em 2012
1573-0484	The Journal of Supercomputing (Dordrecht. Online)	B2	Atualizada em 2012
0164-1212	The Journal of Systems and Software	A2	Atualizada em 2012
0178-2789	The Visual Computer	B1	Atualizada em 2012
1432-2315	The Visual Computer (Internet)	B1	Atualizada em 2012
1066-8888	The VLDB Journal	A2	Atualizada em 2012
0304-3975	Theoretical Computer Science	A1	Atualizada em 2012
1471-0684	Theory and Practice of Logic Programming	B1	Atualizada em 2012
1475-3081	Theory and Practice of Logic Programming (Online)	B1	Atualizada em 2012
1432-4350	Theory of Computing Systems	B2	Atualizada em 2012
1560-604X	Thermology International	C	Atualizada em 2012
0041-0101	Toxicon (Oxford)	B2	Atualizada em 2012
1516-0025	Traços (UNAMA)	C	Atualizada em 2012
1361-1682	Transactions in GIS (Print)	B2	Atualizada em 2012
1864-3027	Transactions on Aspect-Oriented Software Development (Print)	B5	Atualizada em 2012
1866-4733	Transactions on Computational Science (Print)	B5	Atualizada em 2012
1869-6015	Transactions on Pattern Languages of Programming	B5	Atualizada em 2012
0041-1132	Transfusion (Arlington, Va.)	B2	Atualizada em 2012
0103-3786	Transinformação	C	Atualizada em 2012
0041-1345	Transplantation Proceedings	B2	Atualizada em 2012
0968-090X	Transportation Research. Part C, Emerging Technologies	B2	Atualizada em 2012
0041-1655	Transportation Science	B2	Atualizada em 2012
1946-3111	Transportation, Theory and Application	C	Atualizada em 2012
2237-1346	Transportes (Rio de Janeiro)	C	Atualizada em 2012
1994-4608	Ubiquitous Computing and Communication Journal (Print)	C	Atualizada em 2012
1615-5289	Universal Access in the Information Society (Print)	B1	Atualizada em 2012
1517-1779	Universidade e Sociedade (Brasília)	C	Atualizada em 2012
1573-1391	User Modeling and User-Adapted Interaction (Online)	B1	Atualizada em 2012
1519-9886	Varia Scientia (UNIOESTE)	C	Atualizada em 2012
0102-7352	Vetor (FURG)	C	Atualizada em 2012
0104-270X	Vidya (Santa Maria. Impresso)	C	Atualizada em 2012
0043-1737	Weed Research (Print)	B2	Atualizada em 2012
0950-7116	Welding International	B3	Atualizada em 2012
1530-8677	Wireless Communications and Mobile Computing	B1	Atualizada em 2012
1530-8669	Wireless Communications and Mobile Computing (Print)	B1	Atualizada em 2012
1022-0038	Wireless Networks	A1	Atualizada em 2012
1572-8196	Wireless Networks (Online)	A1	Atualizada em 2012
0929-6212	Wireless Personal Communications	B3	Atualizada em 2012
0937-6429	Wirtschaftsinformatik	C	Atualizada em 2012
1386-145X	World Wide Web (Bussum)	B1	Atualizada em 2012
1991-8755	WSEAS Transactions on Computer Research	C	Atualizada em 2012
1109-2750	WSEAS Transactions on Computers	C	Atualizada em 2012
0373-2703	Zapiski Naucnyh Seminarov Leningradskogo Otdelenia Ordena Lenina Matematiceskogo Instituta im. V.A. Steklova Akademii Nauk SSSR	C	Atualizada em 2012
0939-5075	Zeitschrift fur Naturforschung. C, A Journal of Biosciences	B2	Atualizada em 2012
